Academic-year,Country,Entrant-marker,permanent-address,Permanent-address-marker,Ranking,Number
2018/19,All,All,France,EU,First country,14090
2018/19,All,All,India,Non-EU,First country,27540
2018/19,England,All,France,EU,First country,11390
2018/19,England,All,India,Non-EU,First country,24180
2018/19,Northern Ireland,All,Ireland,EU,First country,2245
2018/19,Northern Ireland,All,India,Non-EU,First country,300
2018/19,Scotland,All,Ireland,EU,First country,1970
2018/19,Scotland,All,China,Non-EU,First country,11400
2018/19,Wales,All,Poland,EU,First country,810
2018/19,Wales,All,India,Non-EU,First country,895
2018/19,All,Entrant,France,EU,First country,6840
2018/19,All,Entrant,India,Non-EU,First country,18360
2018/19,England,Entrant,France,EU,First country,5250
2018/19,England,Entrant,India,Non-EU,First country,16255
2018/19,Northern Ireland,Entrant,Ireland,EU,First country,1105
2018/19,Northern Ireland,Entrant,India,Non-EU,First country,220
2018/19,Scotland,Entrant,Germany,EU,First country,1490
2018/19,Scotland,Entrant,China,Non-EU,First country,8440
2018/19,Wales,Entrant,Germany,EU,First country,685
2018/19,Wales,Entrant,India,Non-EU,First country,540
2018/19,All,Not an entrant,Italy,EU,First country,8375
2018/19,All,Not an entrant,China,Non-EU,First country,34185
2018/19,England,Not an entrant,Italy,EU,First country,6870
2018/19,England,Not an entrant,China,Non-EU,First country,29240
2018/19,Northern Ireland,Not an entrant,Ireland,EU,First country,1145
2018/19,Northern Ireland,Not an entrant,India,Non-EU,First country,75
2018/19,Scotland,Not an entrant,Ireland,EU,First country,1110
2018/19,Scotland,Not an entrant,China,Non-EU,First country,2960
2018/19,Wales,Not an entrant,Poland,EU,First country,505
2018/19,Wales,Not an entrant,India,Non-EU,First country,355
2018/19,All,All,Ireland,EU,Second country,9730
2018/19,All,All,China,Non-EU,Second country,121145
2018/19,England,All,Italy,EU,Second country,12105
2018/19,England,All,China,Non-EU,Second country,101890
2018/19,Northern Ireland,All,Germany,EU,Second country,70
2018/19,Northern Ireland,All,Nigeria,Non-EU,Second country,95
2018/19,Scotland,All,Germany,EU,Second country,2830
2018/19,Scotland,All,India,Non-EU,Second country,2160
2018/19,Wales,All,Germany,EU,Second country,930
2018/19,Wales,All,Nigeria,Non-EU,Second country,340
2018/19,All,Entrant,Ireland,EU,Second country,4400
2018/19,All,Entrant,China,Non-EU,Second country,86965
2018/19,England,Entrant,Germany,EU,Second country,5040
2018/19,England,Entrant,China,Non-EU,Second country,72650
2018/19,Northern Ireland,Entrant,Germany,EU,Second country,35
2018/19,Northern Ireland,Entrant,Nigeria,Non-EU,Second country,55
2018/19,Scotland,Entrant,France,EU,Second country,1040
2018/19,Scotland,Entrant,India,Non-EU,Second country,1345
2018/19,Wales,Entrant,France,EU,Second country,510
2018/19,Wales,Entrant,Nigeria,Non-EU,Second country,195
2018/19,All,Not an entrant,France,EU,Second country,7250
2018/19,All,Not an entrant,India,Non-EU,Second country,9180
2018/19,England,Not an entrant,France,EU,Second country,6135
2018/19,England,Not an entrant,India,Non-EU,Second country,7930
2018/19,Northern Ireland,Not an entrant,Germany,EU,Second country,35
2018/19,Northern Ireland,Not an entrant,Nigeria,Non-EU,Second country,40
2018/19,Scotland,Not an entrant,Germany,EU,Second country,1340
2018/19,Scotland,Not an entrant,United States,Non-EU,Second country,2700
2018/19,Wales,Not an entrant,Germany,EU,Second country,240
2018/19,Wales,Not an entrant,China,Non-EU,Second country,1555
2018/19,All,All,Italy,EU,Third country,14570
2018/19,All,All,Nigeria,Non-EU,Third country,10795
2018/19,England,All,Spain,EU,Third country,8800
2018/19,England,All,Nigeria,Non-EU,Third country,9080
2018/19,Northern Ireland,All,Italy,EU,Third country,45
2018/19,Northern Ireland,All,China,Non-EU,Third country,1330
2018/19,Scotland,All,France,EU,Third country,1915
2018/19,Scotland,All,Nigeria,Non-EU,Third country,1285
2018/19,Wales,All,France,EU,Third country,710
2018/19,Wales,All,China,Non-EU,Third country,6520
2018/19,All,Entrant,Germany,EU,Third country,7250
2018/19,All,Entrant,Nigeria,Non-EU,Third country,5585
2018/19,England,Entrant,Italy,EU,Third country,5235
2018/19,England,Entrant,Nigeria,Non-EU,Third country,4655
2018/19,Northern Ireland,Entrant,Italy,EU,Third country,15
2018/19,Northern Ireland,Entrant,Pakistan,Non-EU,Third country,75
2018/19,Scotland,Entrant,Ireland,EU,Third country,860
2018/19,Scotland,Entrant,Nigeria,Non-EU,Third country,680
2018/19,Wales,Entrant,Ireland,EU,Third country,135
2018/19,Wales,Entrant,China,Non-EU,Third country,4965
2018/19,All,Not an entrant,Spain,EU,Third country,5825
2018/19,All,Not an entrant,Nigeria,Non-EU,Third country,5215
2018/19,England,Not an entrant,Spain,EU,Third country,4765
2018/19,England,Not an entrant,Nigeria,Non-EU,Third country,4420
2018/19,Northern Ireland,Not an entrant,France,EU,Third country,35
2018/19,Northern Ireland,Not an entrant,China,Non-EU,Third country,425
2018/19,Scotland,Not an entrant,Spain,EU,Third country,850
2018/19,Scotland,Not an entrant,India,Non-EU,Third country,820
2018/19,Wales,Not an entrant,Greece,EU,Third country,295
2018/19,Wales,Not an entrant,Nigeria,Non-EU,Third country,145
2018/19,All,All,Spain,EU,Fourth country,10670
2018/19,All,All,Pakistan,Non-EU,Fourth country,6565
2018/19,England,All,Germany,EU,Fourth country,9930
2018/19,England,All,Pakistan,Non-EU,Fourth country,5470
2018/19,Northern Ireland,All,France,EU,Fourth country,75
2018/19,Northern Ireland,All,Pakistan,Non-EU,Fourth country,120
2018/19,Scotland,All,Spain,EU,Fourth country,1495
2018/19,Scotland,All,United States,Non-EU,Fourth country,5350
2018/19,Wales,All,Ireland,EU,Fourth country,365
2018/19,Wales,All,Sri Lanka,Non-EU,Fourth country,60
2018/19,All,Entrant,Italy,EU,Fourth country,6195
2018/19,All,Entrant,Pakistan,Non-EU,Fourth country,3650
2018/19,England,Entrant,Spain,EU,Fourth country,4030
2018/19,England,Entrant,Pakistan,Non-EU,Fourth country,3090
2018/19,Northern Ireland,Entrant,Greece,EU,Fourth country,10
2018/19,Northern Ireland,Entrant,China,Non-EU,Fourth country,905
2018/19,Scotland,Entrant,Spain,EU,Fourth country,645
2018/19,Scotland,Entrant,Pakistan,Non-EU,Fourth country,355
2018/19,Wales,Entrant,Cyprus (European Union),EU,Fourth country,130
2018/19,Wales,Entrant,Bangladesh,Non-EU,Fourth country,115
2018/19,All,Not an entrant,Ireland,EU,Fourth country,5330
2018/19,All,Not an entrant,United States,Non-EU,Fourth country,8295
2018/19,England,Not an entrant,Romania,EU,Fourth country,5055
2018/19,England,Not an entrant,Hong Kong,Non-EU,Fourth country,8325
2018/19,Northern Ireland,Not an entrant,Italy,EU,Fourth country,30
2018/19,Northern Ireland,Not an entrant,Bangladesh,Non-EU,Fourth country,10
2018/19,Scotland,Not an entrant,Italy,EU,Fourth country,1270
2018/19,Scotland,Not an entrant,Nigeria,Non-EU,Fourth country,605
2018/19,Wales,Not an entrant,Spain,EU,Fourth country,190
2018/19,Wales,Not an entrant,Sri Lanka,Non-EU,Fourth country,25
2018/19,All,All,Germany,EU,Fifth country,13760
2018/19,All,All,United States,Non-EU,Fifth country,20615
2018/19,England,All,Romania,EU,Fifth country,9130
2018/19,England,All,Hong Kong,Non-EU,Fifth country,14760
2018/19,Northern Ireland,All,Greece,EU,Fifth country,35
2018/19,Northern Ireland,All,Bangladesh,Non-EU,Fifth country,45
2018/19,Scotland,All,Italy,EU,Fifth country,2075
2018/19,Scotland,All,Pakistan,Non-EU,Fifth country,780
2018/19,Wales,All,Cyprus (European Union),EU,Fifth country,490
2018/19,Wales,All,Bangladesh,Non-EU,Fifth country,175
2018/19,All,Entrant,Spain,EU,Fifth country,4845
2018/19,All,Entrant,United States,Non-EU,Fifth country,12320
2018/19,England,Entrant,Ireland,EU,Fifth country,2300
2018/19,England,Entrant,United States,Non-EU,Fifth country,9250
2018/19,Northern Ireland,Entrant,Netherlands,EU,Fifth country,5
2018/19,Northern Ireland,Entrant,Bangladesh,Non-EU,Fifth country,35
2018/19,Scotland,Entrant,Italy,EU,Fifth country,800
2018/19,Scotland,Entrant,United States,Non-EU,Fifth country,2655
2018/19,Wales,Entrant,Spain,EU,Fifth country,155
2018/19,Wales,Entrant,Pakistan,Non-EU,Fifth country,130
2018/19,All,Not an entrant,Romania,EU,Fifth country,5485
2018/19,All,Not an entrant,Hong Kong,Non-EU,Fifth country,9305
2018/19,England,Not an entrant,Poland,EU,Fifth country,3790
2018/19,England,Not an entrant,Pakistan,Non-EU,Fifth country,2380
2018/19,Northern Ireland,Not an entrant,Greece,EU,Fifth country,25
2018/19,Northern Ireland,Not an entrant,Pakistan,Non-EU,Fifth country,45
2018/19,Scotland,Not an entrant,France,EU,Fifth country,880
2018/19,Scotland,Not an entrant,Pakistan,Non-EU,Fifth country,425
2018/19,Wales,Not an entrant,Cyprus (European Union),EU,Fifth country,355
2018/19,Wales,Not an entrant,Bangladesh,Non-EU,Fifth country,60
2018/19,All,All,Romania,EU,Sixth country,9870
2018/19,All,All,Hong Kong,Non-EU,Sixth country,16375
2018/19,England,All,Poland,EU,Sixth country,6770
2018/19,England,All,United States,Non-EU,Sixth country,14580
2018/19,Northern Ireland,All,Spain,EU,Sixth country,30
2018/19,Northern Ireland,All,United States,Non-EU,Sixth country,205
2018/19,Scotland,All,Greece,EU,Sixth country,1380
2018/19,Scotland,All,Malaysia,Non-EU,Sixth country,1255
2018/19,Wales,All,Spain,EU,Sixth country,345
2018/19,Wales,All,Pakistan,Non-EU,Sixth country,195
2018/19,All,Entrant,Greece,EU,Sixth country,4845
2018/19,All,Entrant,Bangladesh,Non-EU,Sixth country,1415
2018/19,England,Entrant,Greece,EU,Sixth country,3970
2018/19,England,Entrant,Bangladesh,Non-EU,Sixth country,1165
2018/19,Northern Ireland,Entrant,Austria,EU,Sixth country,5
2018/19,Northern Ireland,Entrant,United States,Non-EU,Sixth country,130
2018/19,Scotland,Entrant,Greece,EU,Sixth country,670
2018/19,Scotland,Entrant,Bangladesh,Non-EU,Sixth country,105
2018/19,Wales,Entrant,Poland,EU,Sixth country,305
2018/19,Wales,Entrant,Sri Lanka,Non-EU,Sixth country,35
2018/19,All,Not an entrant,Germany,EU,Sixth country,6505
2018/19,All,Not an entrant,Pakistan,Non-EU,Sixth country,2915
2018/19,England,Not an entrant,Germany,EU,Sixth country,4890
2018/19,England,Not an entrant,United States,Non-EU,Sixth country,5330
2018/19,Northern Ireland,Not an entrant,Spain,EU,Sixth country,20
2018/19,Northern Ireland,Not an entrant,Saudi Arabia,Non-EU,Sixth country,30
2018/19,Scotland,Not an entrant,Poland,EU,Sixth country,690
2018/19,Scotland,Not an entrant,Malaysia,Non-EU,Sixth country,860
2018/19,Wales,Not an entrant,Ireland,EU,Sixth country,230
2018/19,Wales,Not an entrant,United States,Non-EU,Sixth country,195
2018/19,All,All,Poland,EU,Seventh country,8620
2018/19,All,All,Bangladesh,Non-EU,Seventh country,2660
2018/19,England,All,Ireland,EU,Seventh country,5145
2018/19,England,All,Bangladesh,Non-EU,Seventh country,2080
2018/19,Northern Ireland,All,Netherlands,EU,Seventh country,15
2018/19,Northern Ireland,All,Malaysia,Non-EU,Seventh country,365
2018/19,Scotland,All,Poland,EU,Seventh country,1020
2018/19,Scotland,All,Canada,Non-EU,Seventh country,1135
2018/19,Wales,All,Greece,EU,Seventh country,485
2018/19,Wales,All,Malaysia,Non-EU,Seventh country,730
2018/19,All,Entrant,Cyprus (European Union),EU,Seventh country,3340
2018/19,All,Entrant,Hong Kong,Non-EU,Seventh country,7070
2018/19,England,Entrant,Cyprus (European Union),EU,Seventh country,2950
2018/19,England,Entrant,Hong Kong,Non-EU,Seventh country,6435
2018/19,Northern Ireland,Entrant,France,EU,Seventh country,40
2018/19,Northern Ireland,Entrant,Malaysia,Non-EU,Seventh country,190
2018/19,Scotland,Entrant,Netherlands,EU,Seventh country,330
2018/19,Scotland,Entrant,Ghana,Non-EU,Seventh country,185
2018/19,Wales,Entrant,Italy,EU,Seventh country,145
2018/19,Wales,Entrant,Malaysia,Non-EU,Seventh country,350
2018/19,All,Not an entrant,Poland,EU,Seventh country,4990
2018/19,All,Not an entrant,Malaysia,Non-EU,Seventh country,7955
2018/19,England,Not an entrant,Portugal,EU,Seventh country,2865
2018/19,England,Not an entrant,Malaysia,Non-EU,Seventh country,6545
2018/19,Northern Ireland,Not an entrant,Cyprus (European Union),EU,Seventh country,10
2018/19,Northern Ireland,Not an entrant,Nepal,Non-EU,Seventh country,5
2018/19,Scotland,Not an entrant,Greece,EU,Seventh country,710
2018/19,Scotland,Not an entrant,Hong Kong,Non-EU,Seventh country,560
2018/19,Wales,Not an entrant,France,EU,Seventh country,200
2018/19,Wales,Not an entrant,Pakistan,Non-EU,Seventh country,65
2018/19,All,All,Greece,EU,Eighth country,10050
2018/19,All,All,Malaysia,Non-EU,Eighth country,14125
2018/19,England,All,Greece,EU,Eighth country,8150
2018/19,England,All,Malaysia,Non-EU,Eighth country,11780
2018/19,Northern Ireland,All,Cyprus (European Union),EU,Eighth country,10
2018/19,Northern Ireland,All,Nepal,Non-EU,Eighth country,10
2018/19,Scotland,All,Cyprus (European Union),EU,Eighth country,730
2018/19,Scotland,All,Hong Kong,Non-EU,Eighth country,935
2018/19,Wales,All,Italy,EU,Eighth country,345
2018/19,Wales,All,United States,Non-EU,Eighth country,485
2018/19,All,Entrant,Netherlands,EU,Eighth country,1855
2018/19,All,Entrant,Malaysia,Non-EU,Eighth country,6170
2018/19,England,Entrant,Netherlands,EU,Eighth country,1480
2018/19,England,Entrant,Malaysia,Non-EU,Eighth country,5235
2018/19,Northern Ireland,Entrant,Hungary,EU,Eighth country,0
2018/19,Northern Ireland,Entrant,Nepal,Non-EU,Eighth country,5
2018/19,Scotland,Entrant,Poland,EU,Eighth country,330
2018/19,Scotland,Entrant,Nepal,Non-EU,Eighth country,30
2018/19,Wales,Entrant,Greece,EU,Eighth country,190
2018/19,Wales,Entrant,United States,Non-EU,Eighth country,290
2018/19,All,Not an entrant,Greece,EU,Eighth country,5205
2018/19,All,Not an entrant,Saudi Arabia,Non-EU,Eighth country,4135
2018/19,England,Not an entrant,Greece,EU,Eighth country,4180
2018/19,England,Not an entrant,Saudi Arabia,Non-EU,Eighth country,3355
2018/19,Northern Ireland,Not an entrant,Romania,EU,Eighth country,5
2018/19,Northern Ireland,Not an entrant,Malaysia,Non-EU,Eighth country,170
2018/19,Scotland,Not an entrant,Bulgaria,EU,Eighth country,750
2018/19,Scotland,Not an entrant,Canada,Non-EU,Eighth country,555
2018/19,Wales,Not an entrant,Italy,EU,Eighth country,200
2018/19,Wales,Not an entrant,Hong Kong,Non-EU,Eighth country,360
2018/19,All,All,Cyprus (European Union),EU,Ninth country,9000
2018/19,All,All,Saudi Arabia,Non-EU,Ninth country,8180
2018/19,England,All,Cyprus (European Union),EU,Ninth country,7775
2018/19,England,All,Saudi Arabia,Non-EU,Ninth country,6460
2018/19,Northern Ireland,All,Romania,EU,Ninth country,20
2018/19,Northern Ireland,All,Sri Lanka,Non-EU,Ninth country,10
2018/19,Scotland,All,Bulgaria,EU,Ninth country,1070
2018/19,Scotland,All,Ghana,Non-EU,Ninth country,300
2018/19,Wales,All,Romania,EU,Ninth country,275
2018/19,Wales,All,Saudi Arabia,Non-EU,Ninth country,855
2018/19,All,Entrant,Poland,EU,Ninth country,3625
2018/19,All,Entrant,Sri Lanka,Non-EU,Ninth country,570
2018/19,England,Entrant,Poland,EU,Ninth country,2980
2018/19,England,Entrant,Nepal,Non-EU,Ninth country,245
2018/19,Northern Ireland,Entrant,Spain,EU,Ninth country,15
2018/19,Northern Ireland,Entrant,Sri Lanka,Non-EU,Ninth country,5
2018/19,Scotland,Entrant,Cyprus (European Union),EU,Ninth country,255
2018/19,Scotland,Entrant,Canada,Non-EU,Ninth country,580
2018/19,Wales,Entrant,Gibraltar,EU,Ninth country,25
2018/19,Wales,Entrant,Saudi Arabia,Non-EU,Ninth country,520
2018/19,All,Not an entrant,Portugal,EU,Ninth country,3075
2018/19,All,Not an entrant,United Arab Emirates,Non-EU,Ninth country,2790
2018/19,England,Not an entrant,Cyprus (European Union),EU,Ninth country,4820
2018/19,England,Not an entrant,United Arab Emirates,Non-EU,Ninth country,2400
2018/19,Northern Ireland,Not an entrant,Netherlands,EU,Ninth country,10
2018/19,Northern Ireland,Not an entrant,Canada,Non-EU,Ninth country,70
2018/19,Scotland,Not an entrant,Cyprus (European Union),EU,Ninth country,475
2018/19,Scotland,Not an entrant,United Arab Emirates,Non-EU,Ninth country,305
2018/19,Wales,Not an entrant,Romania,EU,Ninth country,125
2018/19,Wales,Not an entrant,Saudi Arabia,Non-EU,Ninth country,335
2018/19,All,All,Portugal,EU,Tenth country,6150
2018/19,All,All,United Arab Emirates,Non-EU,Tenth country,5355
2018/19,England,All,Portugal,EU,Tenth country,5785
2018/19,England,All,United Arab Emirates,Non-EU,Tenth country,4640
2018/19,Northern Ireland,All,Portugal,EU,Tenth country,5
2018/19,Northern Ireland,All,Saudi Arabia,Non-EU,Tenth country,60
2018/19,Scotland,All,Netherlands,EU,Tenth country,640
2018/19,Scotland,All,Bangladesh,Non-EU,Tenth country,360
2018/19,Wales,All,Portugal,EU,Tenth country,130
2018/19,Wales,All,Hong Kong,Non-EU,Tenth country,575
2018/19,All,Entrant,Portugal,EU,Tenth country,3075
2018/19,All,Entrant,Nepal,Non-EU,Tenth country,295
2018/19,England,Entrant,Romania,EU,Tenth country,4080
2018/19,England,Entrant,Sri Lanka,Non-EU,Tenth country,500
2018/19,Northern Ireland,Entrant,Sweden,EU,Tenth country,0
2018/19,Northern Ireland,Entrant,Iran,Non-EU,Tenth country,5
2018/19,Scotland,Entrant,Belgium,EU,Tenth country,165
2018/19,Scotland,Entrant,Sri Lanka,Non-EU,Tenth country,35
2018/19,Wales,Entrant,Portugal,EU,Tenth country,50
2018/19,Wales,Entrant,Kuwait,Non-EU,Tenth country,140
2018/19,All,Not an entrant,Cyprus (European Union),EU,Tenth country,5660
2018/19,All,Not an entrant,Bangladesh,Non-EU,Tenth country,1245
2018/19,England,Not an entrant,Ireland,EU,Tenth country,2845
2018/19,England,Not an entrant,Bangladesh,Non-EU,Tenth country,920
2018/19,Northern Ireland,Not an entrant,Portugal,EU,Tenth country,0
2018/19,Northern Ireland,Not an entrant,United States,Non-EU,Tenth country,70
2018/19,Scotland,Not an entrant,Sweden,EU,Tenth country,490
2018/19,Scotland,Not an entrant,Singapore,Non-EU,Tenth country,440
2018/19,Wales,Not an entrant,Bulgaria,EU,Tenth country,200
2018/19,Wales,Not an entrant,Malaysia,Non-EU,Tenth country,380
2019/20,All,All,France,EU,First country,14030
2019/20,All,All,India,Non-EU,First country,54545
2019/20,England,All,France,EU,First country,11500
2019/20,England,All,India,Non-EU,First country,48485
2019/20,Northern Ireland,All,Ireland,EU,First country,2085
2019/20,Northern Ireland,All,India,Non-EU,First country,630
2019/20,Scotland,All,Ireland,EU,First country,2100
2019/20,Scotland,All,China,Non-EU,First country,14275
2019/20,Wales,All,Poland,EU,First country,785
2019/20,Wales,All,India,Non-EU,First country,2115
2019/20,All,Entrant,France,EU,First country,6645
2019/20,All,Entrant,India,Non-EU,First country,40865
2019/20,England,Entrant,France,EU,First country,5240
2019/20,England,Entrant,India,Non-EU,First country,36315
2019/20,Northern Ireland,Entrant,Ireland,EU,First country,975
2019/20,Northern Ireland,Entrant,India,Non-EU,First country,465
2019/20,Scotland,Entrant,Germany,EU,First country,1280
2019/20,Scotland,Entrant,China,Non-EU,First country,10990
2019/20,Wales,Entrant,Germany,EU,First country,500
2019/20,Wales,Entrant,India,Non-EU,First country,1740
2019/20,All,Not an entrant,Italy,EU,First country,8415
2019/20,All,Not an entrant,China,Non-EU,First country,37875
2019/20,England,Not an entrant,Italy,EU,First country,6910
2019/20,England,Not an entrant,China,Non-EU,First country,32745
2019/20,Northern Ireland,Not an entrant,Ireland,EU,First country,1110
2019/20,Northern Ireland,Not an entrant,India,Non-EU,First country,165
2019/20,Scotland,Not an entrant,Ireland,EU,First country,1240
2019/20,Scotland,Not an entrant,China,Non-EU,First country,3285
2019/20,Wales,Not an entrant,Poland,EU,First country,530
2019/20,Wales,Not an entrant,India,Non-EU,First country,375
2019/20,All,All,Ireland,EU,Second country,9135
2019/20,All,All,China,Non-EU,Second country,142035
2019/20,England,All,Italy,EU,Second country,12250
2019/20,England,All,China,Non-EU,Second country,119545
2019/20,Northern Ireland,All,Germany,EU,Second country,60
2019/20,Northern Ireland,All,Nigeria,Non-EU,Second country,115
2019/20,Scotland,All,Germany,EU,Second country,2545
2019/20,Scotland,All,India,Non-EU,Second country,3315
2019/20,Wales,All,Germany,EU,Second country,740
2019/20,Wales,All,Nigeria,Non-EU,Second country,480
2019/20,All,Entrant,Ireland,EU,Second country,3975
2019/20,All,Entrant,China,Non-EU,Second country,104165
2019/20,England,Entrant,Germany,EU,Second country,4590
2019/20,England,Entrant,China,Non-EU,Second country,86800
2019/20,Northern Ireland,Entrant,Germany,EU,Second country,25
2019/20,Northern Ireland,Entrant,Nigeria,Non-EU,Second country,50
2019/20,Scotland,Entrant,France,EU,Second country,1070
2019/20,Scotland,Entrant,India,Non-EU,Second country,2345
2019/20,Wales,Entrant,France,EU,Second country,310
2019/20,Wales,Entrant,Nigeria,Non-EU,Second country,300
2019/20,All,Not an entrant,France,EU,Second country,7390
2019/20,All,Not an entrant,India,Non-EU,Second country,13680
2019/20,England,Not an entrant,France,EU,Second country,6260
2019/20,England,Not an entrant,India,Non-EU,Second country,12170
2019/20,Northern Ireland,Not an entrant,Germany,EU,Second country,35
2019/20,Northern Ireland,Not an entrant,Nigeria,Non-EU,Second country,65
2019/20,Scotland,Not an entrant,Germany,EU,Second country,1265
2019/20,Scotland,Not an entrant,United States,Non-EU,Second country,2800
2019/20,Wales,Not an entrant,Germany,EU,Second country,240
2019/20,Wales,Not an entrant,China,Non-EU,Second country,1405
2019/20,All,All,Italy,EU,Third country,14620
2019/20,All,All,Nigeria,Non-EU,Third country,12865
2019/20,England,All,Spain,EU,Third country,9410
2019/20,England,All,Nigeria,Non-EU,Third country,10620
2019/20,Northern Ireland,All,Italy,EU,Third country,40
2019/20,Northern Ireland,All,China,Non-EU,Third country,1680
2019/20,Scotland,All,France,EU,Third country,1945
2019/20,Scotland,All,Nigeria,Non-EU,Third country,1655
2019/20,Wales,All,France,EU,Third country,525
2019/20,Wales,All,China,Non-EU,Third country,6535
2019/20,All,Entrant,Germany,EU,Third country,6395
2019/20,All,Entrant,Nigeria,Non-EU,Third country,7420
2019/20,England,Entrant,Italy,EU,Third country,5340
2019/20,England,Entrant,Nigeria,Non-EU,Third country,6040
2019/20,Northern Ireland,Entrant,Italy,EU,Third country,15
2019/20,Northern Ireland,Entrant,Pakistan,Non-EU,Third country,105
2019/20,Scotland,Entrant,Ireland,EU,Third country,860
2019/20,Scotland,Entrant,Nigeria,Non-EU,Third country,1030
2019/20,Wales,Entrant,Ireland,EU,Third country,150
2019/20,Wales,Entrant,China,Non-EU,Third country,5130
2019/20,All,Not an entrant,Spain,EU,Third country,6280
2019/20,All,Not an entrant,Nigeria,Non-EU,Third country,5445
2019/20,England,Not an entrant,Spain,EU,Third country,5180
2019/20,England,Not an entrant,Nigeria,Non-EU,Third country,4580
2019/20,Northern Ireland,Not an entrant,France,EU,Third country,40
2019/20,Northern Ireland,Not an entrant,China,Non-EU,Third country,440
2019/20,Scotland,Not an entrant,Spain,EU,Third country,915
2019/20,Scotland,Not an entrant,India,Non-EU,Third country,970
2019/20,Wales,Not an entrant,Greece,EU,Third country,260
2019/20,Wales,Not an entrant,Nigeria,Non-EU,Third country,180
2019/20,All,All,Spain,EU,Fourth country,11280
2019/20,All,All,Pakistan,Non-EU,Fourth country,7825
2019/20,England,All,Germany,EU,Fourth country,9540
2019/20,England,All,Pakistan,Non-EU,Fourth country,6610
2019/20,Northern Ireland,All,France,EU,Fourth country,60
2019/20,Northern Ireland,All,Pakistan,Non-EU,Fourth country,180
2019/20,Scotland,All,Spain,EU,Fourth country,1545
2019/20,Scotland,All,United States,Non-EU,Fourth country,5145
2019/20,Wales,All,Ireland,EU,Fourth country,360
2019/20,Wales,All,Sri Lanka,Non-EU,Fourth country,80
2019/20,All,Entrant,Italy,EU,Fourth country,6205
2019/20,All,Entrant,Pakistan,Non-EU,Fourth country,4630
2019/20,England,Entrant,Spain,EU,Fourth country,4230
2019/20,England,Entrant,Pakistan,Non-EU,Fourth country,3940
2019/20,Northern Ireland,Entrant,Greece,EU,Fourth country,15
2019/20,Northern Ireland,Entrant,China,Non-EU,Fourth country,1240
2019/20,Scotland,Entrant,Spain,EU,Fourth country,630
2019/20,Scotland,Entrant,Pakistan,Non-EU,Fourth country,445
2019/20,Wales,Entrant,Cyprus (European Union),EU,Fourth country,130
2019/20,Wales,Entrant,Bangladesh,Non-EU,Fourth country,195
2019/20,All,Not an entrant,Ireland,EU,Fourth country,5160
2019/20,All,Not an entrant,United States,Non-EU,Fourth country,9000
2019/20,England,Not an entrant,Romania,EU,Fourth country,5490
2019/20,England,Not an entrant,Hong Kong,Non-EU,Fourth country,8455
2019/20,Northern Ireland,Not an entrant,Italy,EU,Fourth country,25
2019/20,Northern Ireland,Not an entrant,Bangladesh,Non-EU,Fourth country,25
2019/20,Scotland,Not an entrant,Italy,EU,Fourth country,1290
2019/20,Scotland,Not an entrant,Nigeria,Non-EU,Fourth country,625
2019/20,Wales,Not an entrant,Spain,EU,Fourth country,165
2019/20,Wales,Not an entrant,Sri Lanka,Non-EU,Fourth country,30
2019/20,All,All,Germany,EU,Fifth country,12890
2019/20,All,All,United States,Non-EU,Fifth country,20720
2019/20,England,All,Romania,EU,Fifth country,10060
2019/20,England,All,Hong Kong,Non-EU,Fifth country,14800
2019/20,Northern Ireland,All,Greece,EU,Fifth country,25
2019/20,Northern Ireland,All,Bangladesh,Non-EU,Fifth country,105
2019/20,Scotland,All,Italy,EU,Fifth country,2025
2019/20,Scotland,All,Pakistan,Non-EU,Fifth country,805
2019/20,Wales,All,Cyprus (European Union),EU,Fifth country,425
2019/20,Wales,All,Bangladesh,Non-EU,Fifth country,265
2019/20,All,Entrant,Spain,EU,Fifth country,5005
2019/20,All,Entrant,United States,Non-EU,Fifth country,11715
2019/20,England,Entrant,Ireland,EU,Fifth country,1985
2019/20,England,Entrant,United States,Non-EU,Fifth country,8980
2019/20,Northern Ireland,Entrant,Netherlands,EU,Fifth country,5
2019/20,Northern Ireland,Entrant,Bangladesh,Non-EU,Fifth country,80
2019/20,Scotland,Entrant,Italy,EU,Fifth country,735
2019/20,Scotland,Entrant,United States,Non-EU,Fifth country,2345
2019/20,Wales,Entrant,Spain,EU,Fifth country,135
2019/20,Wales,Entrant,Pakistan,Non-EU,Fifth country,145
2019/20,All,Not an entrant,Romania,EU,Fifth country,5950
2019/20,All,Not an entrant,Hong Kong,Non-EU,Fifth country,9380
2019/20,England,Not an entrant,Poland,EU,Fifth country,4360
2019/20,England,Not an entrant,Pakistan,Non-EU,Fifth country,2670
2019/20,Northern Ireland,Not an entrant,Greece,EU,Fifth country,15
2019/20,Northern Ireland,Not an entrant,Pakistan,Non-EU,Fifth country,75
2019/20,Scotland,Not an entrant,France,EU,Fifth country,875
2019/20,Scotland,Not an entrant,Pakistan,Non-EU,Fifth country,360
2019/20,Wales,Not an entrant,Cyprus (European Union),EU,Fifth country,295
2019/20,Wales,Not an entrant,Bangladesh,Non-EU,Fifth country,70
2019/20,All,All,Romania,EU,Sixth country,10835
2019/20,All,All,Hong Kong,Non-EU,Sixth country,16380
2019/20,England,All,Poland,EU,Sixth country,7495
2019/20,England,All,United States,Non-EU,Sixth country,14905
2019/20,Northern Ireland,All,Spain,EU,Sixth country,30
2019/20,Northern Ireland,All,United States,Non-EU,Sixth country,175
2019/20,Scotland,All,Greece,EU,Sixth country,1290
2019/20,Scotland,All,Malaysia,Non-EU,Sixth country,1300
2019/20,Wales,All,Spain,EU,Sixth country,300
2019/20,Wales,All,Pakistan,Non-EU,Sixth country,235
2019/20,All,Entrant,Greece,EU,Sixth country,4565
2019/20,All,Entrant,Bangladesh,Non-EU,Sixth country,2055
2019/20,England,Entrant,Greece,EU,Sixth country,3760
2019/20,England,Entrant,Bangladesh,Non-EU,Sixth country,1665
2019/20,Northern Ireland,Entrant,Austria,EU,Sixth country,5
2019/20,Northern Ireland,Entrant,United States,Non-EU,Sixth country,110
2019/20,Scotland,Entrant,Greece,EU,Sixth country,610
2019/20,Scotland,Entrant,Bangladesh,Non-EU,Sixth country,120
2019/20,Wales,Entrant,Poland,EU,Sixth country,255
2019/20,Wales,Entrant,Sri Lanka,Non-EU,Sixth country,45
2019/20,All,Not an entrant,Germany,EU,Sixth country,6495
2019/20,All,Not an entrant,Pakistan,Non-EU,Sixth country,3195
2019/20,England,Not an entrant,Germany,EU,Sixth country,4955
2019/20,England,Not an entrant,United States,Non-EU,Sixth country,5925
2019/20,Northern Ireland,Not an entrant,Spain,EU,Sixth country,20
2019/20,Northern Ireland,Not an entrant,Saudi Arabia,Non-EU,Sixth country,35
2019/20,Scotland,Not an entrant,Poland,EU,Sixth country,675
2019/20,Scotland,Not an entrant,Malaysia,Non-EU,Sixth country,845
2019/20,Wales,Not an entrant,Ireland,EU,Sixth country,210
2019/20,Wales,Not an entrant,United States,Non-EU,Sixth country,215
2019/20,All,All,Poland,EU,Seventh country,9335
2019/20,All,All,Bangladesh,Non-EU,Seventh country,3210
2019/20,England,All,Ireland,EU,Seventh country,4585
2019/20,England,All,Bangladesh,Non-EU,Seventh country,2615
2019/20,Northern Ireland,All,Netherlands,EU,Seventh country,15
2019/20,Northern Ireland,All,Malaysia,Non-EU,Seventh country,325
2019/20,Scotland,All,Poland,EU,Seventh country,1035
2019/20,Scotland,All,Canada,Non-EU,Seventh country,1195
2019/20,Wales,All,Greece,EU,Seventh country,440
2019/20,Wales,All,Malaysia,Non-EU,Seventh country,660
2019/20,All,Entrant,Cyprus (European Union),EU,Seventh country,3365
2019/20,All,Entrant,Hong Kong,Non-EU,Seventh country,7000
2019/20,England,Entrant,Cyprus (European Union),EU,Seventh country,2975
2019/20,England,Entrant,Hong Kong,Non-EU,Seventh country,6340
2019/20,Northern Ireland,Entrant,France,EU,Seventh country,20
2019/20,Northern Ireland,Entrant,Malaysia,Non-EU,Seventh country,150
2019/20,Scotland,Entrant,Netherlands,EU,Seventh country,265
2019/20,Scotland,Entrant,Ghana,Non-EU,Seventh country,275
2019/20,Wales,Entrant,Italy,EU,Seventh country,115
2019/20,Wales,Entrant,Malaysia,Non-EU,Seventh country,365
2019/20,All,Not an entrant,Poland,EU,Seventh country,5575
2019/20,All,Not an entrant,Malaysia,Non-EU,Seventh country,7455
2019/20,England,Not an entrant,Portugal,EU,Seventh country,3780
2019/20,England,Not an entrant,Malaysia,Non-EU,Seventh country,6140
2019/20,Northern Ireland,Not an entrant,Cyprus (European Union),EU,Seventh country,5
2019/20,Northern Ireland,Not an entrant,Nepal,Non-EU,Seventh country,5
2019/20,Scotland,Not an entrant,Greece,EU,Seventh country,680
2019/20,Scotland,Not an entrant,Hong Kong,Non-EU,Seventh country,555
2019/20,Wales,Not an entrant,France,EU,Seventh country,215
2019/20,Wales,Not an entrant,Pakistan,Non-EU,Seventh country,90
2019/20,All,All,Greece,EU,Eighth country,9795
2019/20,All,All,Malaysia,Non-EU,Eighth country,13495
2019/20,England,All,Greece,EU,Eighth country,8040
2019/20,England,All,Malaysia,Non-EU,Eighth country,11205
2019/20,Northern Ireland,All,Cyprus (European Union),EU,Eighth country,5
2019/20,Northern Ireland,All,Nepal,Non-EU,Eighth country,20
2019/20,Scotland,All,Cyprus (European Union),EU,Eighth country,715
2019/20,Scotland,All,Hong Kong,Non-EU,Eighth country,915
2019/20,Wales,All,Italy,EU,Eighth country,300
2019/20,Wales,All,United States,Non-EU,Eighth country,495
2019/20,All,Entrant,Netherlands,EU,Eighth country,1695
2019/20,All,Entrant,Malaysia,Non-EU,Eighth country,6040
2019/20,England,Entrant,Netherlands,EU,Eighth country,1380
2019/20,England,Entrant,Malaysia,Non-EU,Eighth country,5065
2019/20,Northern Ireland,Entrant,Hungary,EU,Eighth country,0
2019/20,Northern Ireland,Entrant,Nepal,Non-EU,Eighth country,15
2019/20,Scotland,Entrant,Poland,EU,Eighth country,360
2019/20,Scotland,Entrant,Nepal,Non-EU,Eighth country,60
2019/20,Wales,Entrant,Greece,EU,Eighth country,180
2019/20,Wales,Entrant,United States,Non-EU,Eighth country,280
2019/20,All,Not an entrant,Greece,EU,Eighth country,5230
2019/20,All,Not an entrant,Saudi Arabia,Non-EU,Eighth country,4345
2019/20,England,Not an entrant,Greece,EU,Eighth country,4280
2019/20,England,Not an entrant,Saudi Arabia,Non-EU,Eighth country,3545
2019/20,Northern Ireland,Not an entrant,Romania,EU,Eighth country,10
2019/20,Northern Ireland,Not an entrant,Malaysia,Non-EU,Eighth country,175
2019/20,Scotland,Not an entrant,Bulgaria,EU,Eighth country,705
2019/20,Scotland,Not an entrant,Canada,Non-EU,Eighth country,615
2019/20,Wales,Not an entrant,Italy,EU,Eighth country,185
2019/20,Wales,Not an entrant,Hong Kong,Non-EU,Eighth country,300
2019/20,All,All,Cyprus (European Union),EU,Ninth country,8680
2019/20,All,All,Saudi Arabia,Non-EU,Ninth country,8520
2019/20,England,All,Cyprus (European Union),EU,Ninth country,7535
2019/20,England,All,Saudi Arabia,Non-EU,Ninth country,6635
2019/20,Northern Ireland,All,Romania,EU,Ninth country,20
2019/20,Northern Ireland,All,Sri Lanka,Non-EU,Ninth country,15
2019/20,Scotland,All,Bulgaria,EU,Ninth country,985
2019/20,Scotland,All,Ghana,Non-EU,Ninth country,395
2019/20,Wales,All,Romania,EU,Ninth country,325
2019/20,Wales,All,Saudi Arabia,Non-EU,Ninth country,940
2019/20,All,Entrant,Poland,EU,Ninth country,3760
2019/20,All,Entrant,Sri Lanka,Non-EU,Ninth country,620
2019/20,England,Entrant,Poland,EU,Ninth country,3135
2019/20,England,Entrant,Nepal,Non-EU,Ninth country,835
2019/20,Northern Ireland,Entrant,Spain,EU,Ninth country,10
2019/20,Northern Ireland,Entrant,Sri Lanka,Non-EU,Ninth country,5
2019/20,Scotland,Entrant,Cyprus (European Union),EU,Ninth country,265
2019/20,Scotland,Entrant,Canada,Non-EU,Ninth country,580
2019/20,Wales,Entrant,Gibraltar,EU,Ninth country,25
2019/20,Wales,Entrant,Saudi Arabia,Non-EU,Ninth country,575
2019/20,All,Not an entrant,Portugal,EU,Ninth country,4000
2019/20,All,Not an entrant,United Arab Emirates,Non-EU,Ninth country,3375
2019/20,England,Not an entrant,Cyprus (European Union),EU,Ninth country,4565
2019/20,England,Not an entrant,United Arab Emirates,Non-EU,Ninth country,2900
2019/20,Northern Ireland,Not an entrant,Netherlands,EU,Ninth country,5
2019/20,Northern Ireland,Not an entrant,Canada,Non-EU,Ninth country,85
2019/20,Scotland,Not an entrant,Cyprus (European Union),EU,Ninth country,450
2019/20,Scotland,Not an entrant,United Arab Emirates,Non-EU,Ninth country,375
2019/20,Wales,Not an entrant,Romania,EU,Ninth country,165
2019/20,Wales,Not an entrant,Saudi Arabia,Non-EU,Ninth country,365
2019/20,All,All,Portugal,EU,Tenth country,7195
2019/20,All,All,United Arab Emirates,Non-EU,Tenth country,6015
2019/20,England,All,Portugal,EU,Tenth country,6790
2019/20,England,All,United Arab Emirates,Non-EU,Tenth country,5255
2019/20,Northern Ireland,All,Portugal,EU,Tenth country,5
2019/20,Northern Ireland,All,Saudi Arabia,Non-EU,Tenth country,85
2019/20,Scotland,All,Netherlands,EU,Tenth country,580
2019/20,Scotland,All,Bangladesh,Non-EU,Tenth country,230
2019/20,Wales,All,Portugal,EU,Tenth country,150
2019/20,Wales,All,Hong Kong,Non-EU,Tenth country,550
2019/20,All,Entrant,Portugal,EU,Tenth country,3195
2019/20,All,Entrant,Nepal,Non-EU,Tenth country,995
2019/20,England,Entrant,Romania,EU,Tenth country,4570
2019/20,England,Entrant,Sri Lanka,Non-EU,Tenth country,525
2019/20,Northern Ireland,Entrant,Sweden,EU,Tenth country,5
2019/20,Northern Ireland,Entrant,Iran,Non-EU,Tenth country,10
2019/20,Scotland,Entrant,Belgium,EU,Tenth country,120
2019/20,Scotland,Entrant,Sri Lanka,Non-EU,Tenth country,40
2019/20,Wales,Entrant,Portugal,EU,Tenth country,70
2019/20,Wales,Entrant,Kuwait,Non-EU,Tenth country,135
2019/20,All,Not an entrant,Cyprus (European Union),EU,Tenth country,5315
2019/20,All,Not an entrant,Bangladesh,Non-EU,Tenth country,1155
2019/20,England,Not an entrant,Ireland,EU,Tenth country,2600
2019/20,England,Not an entrant,Bangladesh,Non-EU,Tenth country,950
2019/20,Northern Ireland,Not an entrant,Portugal,EU,Tenth country,5
2019/20,Northern Ireland,Not an entrant,United States,Non-EU,Tenth country,65
2019/20,Scotland,Not an entrant,Sweden,EU,Tenth country,485
2019/20,Scotland,Not an entrant,Singapore,Non-EU,Tenth country,455
2019/20,Wales,Not an entrant,Bulgaria,EU,Tenth country,220
2019/20,Wales,Not an entrant,Malaysia,Non-EU,Tenth country,295
2020/21,All,All,France,EU,First country,14090
2020/21,All,All,India,Non-EU,First country,82185
2020/21,England,All,France,EU,First country,11720
2020/21,England,All,India,Non-EU,First country,72095
2020/21,Northern Ireland,All,Ireland,EU,First country,2170
2020/21,Northern Ireland,All,India,Non-EU,First country,1450
2020/21,Scotland,All,Ireland,EU,First country,2375
2020/21,Scotland,All,China,Non-EU,First country,17165
2020/21,Wales,All,Poland,EU,First country,880
2020/21,Wales,All,India,Non-EU,First country,2895
2020/21,All,Entrant,France,EU,First country,6630
2020/21,All,Entrant,India,Non-EU,First country,50635
2020/21,England,Entrant,France,EU,First country,5390
2020/21,England,Entrant,India,Non-EU,First country,43835
2020/21,Northern Ireland,Entrant,Ireland,EU,First country,1085
2020/21,Northern Ireland,Entrant,India,Non-EU,First country,1005
2020/21,Scotland,Entrant,Germany,EU,First country,1185
2020/21,Scotland,Entrant,China,Non-EU,First country,13040
2020/21,Wales,Entrant,Germany,EU,First country,310
2020/21,Wales,Entrant,India,Non-EU,First country,1925
2020/21,All,Not an entrant,Italy,EU,First country,8390
2020/21,All,Not an entrant,China,Non-EU,First country,44665
2020/21,England,Not an entrant,Italy,EU,First country,6970
2020/21,England,Not an entrant,China,Non-EU,First country,37775
2020/21,Northern Ireland,Not an entrant,Ireland,EU,First country,1080
2020/21,Northern Ireland,Not an entrant,India,Non-EU,First country,445
2020/21,Scotland,Not an entrant,Ireland,EU,First country,1345
2020/21,Scotland,Not an entrant,China,Non-EU,First country,4125
2020/21,Wales,Not an entrant,Poland,EU,First country,485
2020/21,Wales,Not an entrant,India,Non-EU,First country,970
2020/21,All,All,Ireland,EU,Second country,9740
2020/21,All,All,China,Non-EU,Second country,143825
2020/21,England,All,Italy,EU,Second country,12390
2020/21,England,All,China,Non-EU,Second country,119270
2020/21,Northern Ireland,All,Germany,EU,Second country,65
2020/21,Northern Ireland,All,Nigeria,Non-EU,Second country,300
2020/21,Scotland,All,Germany,EU,Second country,2360
2020/21,Scotland,All,India,Non-EU,Second country,5745
2020/21,Wales,All,Germany,EU,Second country,540
2020/21,Wales,All,Nigeria,Non-EU,Second country,935
2020/21,All,Entrant,Ireland,EU,Second country,4570
2020/21,All,Entrant,China,Non-EU,Second country,99160
2020/21,England,Entrant,Germany,EU,Second country,4430
2020/21,England,Entrant,China,Non-EU,Second country,81500
2020/21,Northern Ireland,Entrant,Germany,EU,Second country,35
2020/21,Northern Ireland,Entrant,Nigeria,Non-EU,Second country,225
2020/21,Scotland,Entrant,France,EU,Second country,1015
2020/21,Scotland,Entrant,India,Non-EU,Second country,3865
2020/21,Wales,Entrant,France,EU,Second country,205
2020/21,Wales,Entrant,Nigeria,Non-EU,Second country,665
2020/21,All,Not an entrant,France,EU,Second country,7455
2020/21,All,Not an entrant,India,Non-EU,Second country,31550
2020/21,England,Not an entrant,France,EU,Second country,6325
2020/21,England,Not an entrant,India,Non-EU,Second country,28260
2020/21,Northern Ireland,Not an entrant,Germany,EU,Second country,30
2020/21,Northern Ireland,Not an entrant,Nigeria,Non-EU,Second country,70
2020/21,Scotland,Not an entrant,Germany,EU,Second country,1175
2020/21,Scotland,Not an entrant,United States,Non-EU,Second country,3025
2020/21,Wales,Not an entrant,Germany,EU,Second country,225
2020/21,Wales,Not an entrant,China,Non-EU,Second country,2125
2020/21,All,All,Italy,EU,Third country,14605
2020/21,All,All,Nigeria,Non-EU,Third country,20865
2020/21,England,All,Spain,EU,Third country,10250
2020/21,England,All,Nigeria,Non-EU,Third country,16980
2020/21,Northern Ireland,All,Italy,EU,Third country,45
2020/21,Northern Ireland,All,China,Non-EU,Third country,2005
2020/21,Scotland,All,France,EU,Third country,1935
2020/21,Scotland,All,Nigeria,Non-EU,Third country,2655
2020/21,Wales,All,France,EU,Third country,375
2020/21,Wales,All,China,Non-EU,Third country,5380
2020/21,All,Entrant,Germany,EU,Third country,5960
2020/21,All,Entrant,Nigeria,Non-EU,Third country,13830
2020/21,England,Entrant,Italy,EU,Third country,5425
2020/21,England,Entrant,Nigeria,Non-EU,Third country,11265
2020/21,Northern Ireland,Entrant,Italy,EU,Third country,20
2020/21,Northern Ireland,Entrant,Pakistan,Non-EU,Third country,235
2020/21,Scotland,Entrant,Ireland,EU,Third country,1030
2020/21,Scotland,Entrant,Nigeria,Non-EU,Third country,1670
2020/21,Wales,Entrant,Ireland,EU,Third country,145
2020/21,Wales,Entrant,China,Non-EU,Third country,3255
2020/21,All,Not an entrant,Spain,EU,Third country,6860
2020/21,All,Not an entrant,Nigeria,Non-EU,Third country,7035
2020/21,England,Not an entrant,Spain,EU,Third country,5640
2020/21,England,Not an entrant,Nigeria,Non-EU,Third country,5715
2020/21,Northern Ireland,Not an entrant,France,EU,Third country,35
2020/21,Northern Ireland,Not an entrant,China,Non-EU,Third country,640
2020/21,Scotland,Not an entrant,Spain,EU,Third country,1025
2020/21,Scotland,Not an entrant,India,Non-EU,Third country,1880
2020/21,Wales,Not an entrant,Greece,EU,Third country,225
2020/21,Wales,Not an entrant,Nigeria,Non-EU,Third country,270
2020/21,All,All,Spain,EU,Fourth country,12290
2020/21,All,All,Pakistan,Non-EU,Fourth country,12965
2020/21,England,All,Germany,EU,Fourth country,9290
2020/21,England,All,Pakistan,Non-EU,Fourth country,10970
2020/21,Northern Ireland,All,France,EU,Fourth country,60
2020/21,Northern Ireland,All,Pakistan,Non-EU,Fourth country,360
2020/21,Scotland,All,Spain,EU,Fourth country,1685
2020/21,Scotland,All,United States,Non-EU,Fourth country,5285
2020/21,Wales,All,Ireland,EU,Fourth country,365
2020/21,Wales,All,Sri Lanka,Non-EU,Fourth country,205
2020/21,All,Entrant,Italy,EU,Fourth country,6215
2020/21,All,Entrant,Pakistan,Non-EU,Fourth country,8405
2020/21,England,Entrant,Spain,EU,Fourth country,4610
2020/21,England,Entrant,Pakistan,Non-EU,Fourth country,7175
2020/21,Northern Ireland,Entrant,Greece,EU,Fourth country,15
2020/21,Northern Ireland,Entrant,China,Non-EU,Fourth country,1370
2020/21,Scotland,Entrant,Spain,EU,Fourth country,660
2020/21,Scotland,Entrant,Pakistan,Non-EU,Fourth country,795
2020/21,Wales,Entrant,Cyprus (European Union),EU,Fourth country,165
2020/21,Wales,Entrant,Bangladesh,Non-EU,Fourth country,285
2020/21,All,Not an entrant,Ireland,EU,Fourth country,5170
2020/21,All,Not an entrant,United States,Non-EU,Fourth country,9350
2020/21,England,Not an entrant,Romania,EU,Fourth country,6355
2020/21,England,Not an entrant,Hong Kong,Non-EU,Fourth country,8580
2020/21,Northern Ireland,Not an entrant,Italy,EU,Fourth country,25
2020/21,Northern Ireland,Not an entrant,Bangladesh,Non-EU,Fourth country,65
2020/21,Scotland,Not an entrant,Italy,EU,Fourth country,1240
2020/21,Scotland,Not an entrant,Nigeria,Non-EU,Fourth country,980
2020/21,Wales,Not an entrant,Spain,EU,Fourth country,170
2020/21,Wales,Not an entrant,Sri Lanka,Non-EU,Fourth country,60
2020/21,All,All,Germany,EU,Fifth country,12250
2020/21,All,All,United States,Non-EU,Fifth country,19210
2020/21,England,All,Romania,EU,Fifth country,12105
2020/21,England,All,Hong Kong,Non-EU,Fifth country,15035
2020/21,Northern Ireland,All,Greece,EU,Fifth country,30
2020/21,Northern Ireland,All,Bangladesh,Non-EU,Fifth country,460
2020/21,Scotland,All,Italy,EU,Fifth country,1920
2020/21,Scotland,All,Pakistan,Non-EU,Fifth country,1305
2020/21,Wales,All,Cyprus (European Union),EU,Fifth country,385
2020/21,Wales,All,Bangladesh,Non-EU,Fifth country,460
2020/21,All,Entrant,Spain,EU,Fifth country,5435
2020/21,All,Entrant,United States,Non-EU,Fifth country,9860
2020/21,England,Entrant,Ireland,EU,Fifth country,2310
2020/21,England,Entrant,United States,Non-EU,Fifth country,7235
2020/21,Northern Ireland,Entrant,Netherlands,EU,Fifth country,10
2020/21,Northern Ireland,Entrant,Bangladesh,Non-EU,Fifth country,395
2020/21,Scotland,Entrant,Italy,EU,Fifth country,680
2020/21,Scotland,Entrant,United States,Non-EU,Fifth country,2260
2020/21,Wales,Entrant,Spain,EU,Fifth country,155
2020/21,Wales,Entrant,Pakistan,Non-EU,Fifth country,205
2020/21,All,Not an entrant,Romania,EU,Fifth country,6820
2020/21,All,Not an entrant,Hong Kong,Non-EU,Fifth country,9545
2020/21,England,Not an entrant,Poland,EU,Fifth country,4900
2020/21,England,Not an entrant,Pakistan,Non-EU,Fifth country,3800
2020/21,Northern Ireland,Not an entrant,Greece,EU,Fifth country,15
2020/21,Northern Ireland,Not an entrant,Pakistan,Non-EU,Fifth country,125
2020/21,Scotland,Not an entrant,France,EU,Fifth country,920
2020/21,Scotland,Not an entrant,Pakistan,Non-EU,Fifth country,510
2020/21,Wales,Not an entrant,Cyprus (European Union),EU,Fifth country,220
2020/21,Wales,Not an entrant,Bangladesh,Non-EU,Fifth country,175
2020/21,All,All,Romania,EU,Sixth country,12860
2020/21,All,All,Hong Kong,Non-EU,Sixth country,16660
2020/21,England,All,Poland,EU,Sixth country,8830
2020/21,England,All,United States,Non-EU,Sixth country,13260
2020/21,Northern Ireland,All,Spain,EU,Sixth country,30
2020/21,Northern Ireland,All,United States,Non-EU,Sixth country,200
2020/21,Scotland,All,Greece,EU,Sixth country,1195
2020/21,Scotland,All,Malaysia,Non-EU,Sixth country,1125
2020/21,Wales,All,Spain,EU,Sixth country,325
2020/21,Wales,All,Pakistan,Non-EU,Sixth country,335
2020/21,All,Entrant,Greece,EU,Sixth country,4240
2020/21,All,Entrant,Bangladesh,Non-EU,Sixth country,4695
2020/21,England,Entrant,Greece,EU,Sixth country,3525
2020/21,England,Entrant,Bangladesh,Non-EU,Sixth country,3860
2020/21,Northern Ireland,Entrant,Austria,EU,Sixth country,5
2020/21,Northern Ireland,Entrant,United States,Non-EU,Sixth country,115
2020/21,Scotland,Entrant,Greece,EU,Sixth country,515
2020/21,Scotland,Entrant,Bangladesh,Non-EU,Sixth country,155
2020/21,Wales,Entrant,Poland,EU,Sixth country,400
2020/21,Wales,Entrant,Sri Lanka,Non-EU,Sixth country,145
2020/21,All,Not an entrant,Germany,EU,Sixth country,6290
2020/21,All,Not an entrant,Pakistan,Non-EU,Sixth country,4560
2020/21,England,Not an entrant,Germany,EU,Sixth country,4860
2020/21,England,Not an entrant,United States,Non-EU,Sixth country,6025
2020/21,Northern Ireland,Not an entrant,Spain,EU,Sixth country,20
2020/21,Northern Ireland,Not an entrant,Saudi Arabia,Non-EU,Sixth country,55
2020/21,Scotland,Not an entrant,Poland,EU,Sixth country,660
2020/21,Scotland,Not an entrant,Malaysia,Non-EU,Sixth country,735
2020/21,Wales,Not an entrant,Ireland,EU,Sixth country,215
2020/21,Wales,Not an entrant,United States,Non-EU,Sixth country,215
2020/21,All,All,Poland,EU,Seventh country,10755
2020/21,All,All,Bangladesh,Non-EU,Seventh country,6665
2020/21,England,All,Ireland,EU,Seventh country,4835
2020/21,England,All,Bangladesh,Non-EU,Seventh country,5420
2020/21,Northern Ireland,All,Netherlands,EU,Seventh country,20
2020/21,Northern Ireland,All,Malaysia,Non-EU,Seventh country,275
2020/21,Scotland,All,Poland,EU,Seventh country,1030
2020/21,Scotland,All,Canada,Non-EU,Seventh country,1205
2020/21,Wales,All,Greece,EU,Seventh country,415
2020/21,Wales,All,Malaysia,Non-EU,Seventh country,545
2020/21,All,Entrant,Cyprus (European Union),EU,Seventh country,3285
2020/21,All,Entrant,Hong Kong,Non-EU,Seventh country,7115
2020/21,England,Entrant,Cyprus (European Union),EU,Seventh country,2865
2020/21,England,Entrant,Hong Kong,Non-EU,Seventh country,6450
2020/21,Northern Ireland,Entrant,France,EU,Seventh country,20
2020/21,Northern Ireland,Entrant,Malaysia,Non-EU,Seventh country,110
2020/21,Scotland,Entrant,Netherlands,EU,Seventh country,265
2020/21,Scotland,Entrant,Ghana,Non-EU,Seventh country,285
2020/21,Wales,Entrant,Italy,EU,Seventh country,95
2020/21,Wales,Entrant,Malaysia,Non-EU,Seventh country,235
2020/21,All,Not an entrant,Poland,EU,Seventh country,6055
2020/21,All,Not an entrant,Malaysia,Non-EU,Seventh country,7315
2020/21,England,Not an entrant,Portugal,EU,Seventh country,4455
2020/21,England,Not an entrant,Malaysia,Non-EU,Seventh country,6100
2020/21,Northern Ireland,Not an entrant,Cyprus (European Union),EU,Seventh country,5
2020/21,Northern Ireland,Not an entrant,Nepal,Non-EU,Seventh country,15
2020/21,Scotland,Not an entrant,Greece,EU,Seventh country,685
2020/21,Scotland,Not an entrant,Hong Kong,Non-EU,Seventh country,580
2020/21,Wales,Not an entrant,France,EU,Seventh country,175
2020/21,Wales,Not an entrant,Pakistan,Non-EU,Seventh country,130
2020/21,All,All,Greece,EU,Eighth country,9555
2020/21,All,All,Malaysia,Non-EU,Eighth country,11510
2020/21,England,All,Greece,EU,Eighth country,7910
2020/21,England,All,Malaysia,Non-EU,Eighth country,9565
2020/21,Northern Ireland,All,Cyprus (European Union),EU,Eighth country,10
2020/21,Northern Ireland,All,Nepal,Non-EU,Eighth country,65
2020/21,Scotland,All,Cyprus (European Union),EU,Eighth country,710
2020/21,Scotland,All,Hong Kong,Non-EU,Eighth country,995
2020/21,Wales,All,Italy,EU,Eighth country,250
2020/21,Wales,All,United States,Non-EU,Eighth country,460
2020/21,All,Entrant,Netherlands,EU,Eighth country,1655
2020/21,All,Entrant,Malaysia,Non-EU,Eighth country,4195
2020/21,England,Entrant,Netherlands,EU,Eighth country,1325
2020/21,England,Entrant,Malaysia,Non-EU,Eighth country,3465
2020/21,Northern Ireland,Entrant,Hungary,EU,Eighth country,0
2020/21,Northern Ireland,Entrant,Nepal,Non-EU,Eighth country,50
2020/21,Scotland,Entrant,Poland,EU,Eighth country,370
2020/21,Scotland,Entrant,Nepal,Non-EU,Eighth country,100
2020/21,Wales,Entrant,Greece,EU,Eighth country,190
2020/21,Wales,Entrant,United States,Non-EU,Eighth country,245
2020/21,All,Not an entrant,Greece,EU,Eighth country,5310
2020/21,All,Not an entrant,Saudi Arabia,Non-EU,Eighth country,4580
2020/21,England,Not an entrant,Greece,EU,Eighth country,4390
2020/21,England,Not an entrant,Saudi Arabia,Non-EU,Eighth country,3730
2020/21,Northern Ireland,Not an entrant,Romania,EU,Eighth country,15
2020/21,Northern Ireland,Not an entrant,Malaysia,Non-EU,Eighth country,165
2020/21,Scotland,Not an entrant,Bulgaria,EU,Eighth country,695
2020/21,Scotland,Not an entrant,Canada,Non-EU,Eighth country,695
2020/21,Wales,Not an entrant,Italy,EU,Eighth country,155
2020/21,Wales,Not an entrant,Hong Kong,Non-EU,Eighth country,315
2020/21,All,All,Cyprus (European Union),EU,Ninth country,8335
2020/21,All,All,Saudi Arabia,Non-EU,Ninth country,8825
2020/21,England,All,Cyprus (European Union),EU,Ninth country,7230
2020/21,England,All,Saudi Arabia,Non-EU,Ninth country,7080
2020/21,Northern Ireland,All,Romania,EU,Ninth country,20
2020/21,Northern Ireland,All,Sri Lanka,Non-EU,Ninth country,35
2020/21,Scotland,All,Bulgaria,EU,Ninth country,920
2020/21,Scotland,All,Ghana,Non-EU,Ninth country,460
2020/21,Wales,All,Romania,EU,Ninth country,335
2020/21,Wales,All,Saudi Arabia,Non-EU,Ninth country,815
2020/21,All,Entrant,Poland,EU,Ninth country,4705
2020/21,All,Entrant,Sri Lanka,Non-EU,Ninth country,985
2020/21,England,Entrant,Poland,EU,Ninth country,3930
2020/21,England,Entrant,Nepal,Non-EU,Ninth country,985
2020/21,Northern Ireland,Entrant,Spain,EU,Ninth country,10
2020/21,Northern Ireland,Entrant,Sri Lanka,Non-EU,Ninth country,25
2020/21,Scotland,Entrant,Cyprus (European Union),EU,Ninth country,250
2020/21,Scotland,Entrant,Canada,Non-EU,Ninth country,510
2020/21,Wales,Entrant,Gibraltar,EU,Ninth country,20
2020/21,Wales,Entrant,Saudi Arabia,Non-EU,Ninth country,440
2020/21,All,Not an entrant,Portugal,EU,Ninth country,4700
2020/21,All,Not an entrant,United Arab Emirates,Non-EU,Ninth country,3855
2020/21,England,Not an entrant,Cyprus (European Union),EU,Ninth country,4365
2020/21,England,Not an entrant,United Arab Emirates,Non-EU,Ninth country,3345
2020/21,Northern Ireland,Not an entrant,Netherlands,EU,Ninth country,10
2020/21,Northern Ireland,Not an entrant,Canada,Non-EU,Ninth country,95
2020/21,Scotland,Not an entrant,Cyprus (European Union),EU,Ninth country,460
2020/21,Scotland,Not an entrant,United Arab Emirates,Non-EU,Ninth country,375
2020/21,Wales,Not an entrant,Romania,EU,Ninth country,180
2020/21,Wales,Not an entrant,Saudi Arabia,Non-EU,Ninth country,375
2020/21,All,All,Portugal,EU,Tenth country,8470
2020/21,All,All,United Arab Emirates,Non-EU,Tenth country,7070
2020/21,England,All,Portugal,EU,Tenth country,8045
2020/21,England,All,United Arab Emirates,Non-EU,Tenth country,6205
2020/21,Northern Ireland,All,Portugal,EU,Tenth country,10
2020/21,Northern Ireland,All,Saudi Arabia,Non-EU,Tenth country,155
2020/21,Scotland,All,Netherlands,EU,Tenth country,595
2020/21,Scotland,All,Bangladesh,Non-EU,Tenth country,325
2020/21,Wales,All,Portugal,EU,Tenth country,170
2020/21,Wales,All,Hong Kong,Non-EU,Tenth country,535
2020/21,All,Entrant,Portugal,EU,Tenth country,3770
2020/21,All,Entrant,Nepal,Non-EU,Tenth country,1165
2020/21,England,Entrant,Romania,EU,Tenth country,5750
2020/21,England,Entrant,Sri Lanka,Non-EU,Tenth country,740
2020/21,Northern Ireland,Entrant,Sweden,EU,Tenth country,5
2020/21,Northern Ireland,Entrant,Iran,Non-EU,Tenth country,15
2020/21,Scotland,Entrant,Belgium,EU,Tenth country,150
2020/21,Scotland,Entrant,Sri Lanka,Non-EU,Tenth country,70
2020/21,Wales,Entrant,Portugal,EU,Tenth country,75
2020/21,Wales,Entrant,Kuwait,Non-EU,Tenth country,160
2020/21,All,Not an entrant,Cyprus (European Union),EU,Tenth country,5050
2020/21,All,Not an entrant,Bangladesh,Non-EU,Tenth country,1970
2020/21,England,Not an entrant,Ireland,EU,Tenth country,2525
2020/21,England,Not an entrant,Bangladesh,Non-EU,Tenth country,1560
2020/21,Northern Ireland,Not an entrant,Portugal,EU,Tenth country,5
2020/21,Northern Ireland,Not an entrant,United States,Non-EU,Tenth country,85
2020/21,Scotland,Not an entrant,Sweden,EU,Tenth country,445
2020/21,Scotland,Not an entrant,Singapore,Non-EU,Tenth country,475
2020/21,Wales,Not an entrant,Bulgaria,EU,Tenth country,175
2020/21,Wales,Not an entrant,Malaysia,Non-EU,Tenth country,310
2021/22,All,All,France,EU,First country,11870
2021/22,All,All,India,Non-EU,First country,124520
2021/22,England,All,France,EU,First country,9910
2021/22,England,All,India,Non-EU,First country,107330
2021/22,Northern Ireland,All,Ireland,EU,First country,2290
2021/22,Northern Ireland,All,India,Non-EU,First country,2435
2021/22,Scotland,All,Ireland,EU,First country,2275
2021/22,Scotland,All,China,Non-EU,First country,20830
2021/22,Wales,All,Poland,EU,First country,605
2021/22,Wales,All,India,Non-EU,First country,4595
2021/22,All,Entrant,France,EU,First country,4355
2021/22,All,Entrant,India,Non-EU,First country,85015
2021/22,England,Entrant,France,EU,First country,3530
2021/22,England,Entrant,India,Non-EU,First country,73060
2021/22,Northern Ireland,Entrant,Ireland,EU,First country,1140
2021/22,Northern Ireland,Entrant,India,Non-EU,First country,1665
2021/22,Scotland,Entrant,Germany,EU,First country,695
2021/22,Scotland,Entrant,China,Non-EU,First country,12985
2021/22,Wales,Entrant,Germany,EU,First country,280
2021/22,Wales,Entrant,India,Non-EU,First country,3185
2021/22,All,Not an entrant,Italy,EU,First country,8215
2021/22,All,Not an entrant,China,Non-EU,First country,51730
2021/22,England,Not an entrant,Italy,EU,First country,6900
2021/22,England,Not an entrant,China,Non-EU,First country,41330
2021/22,Northern Ireland,Not an entrant,Ireland,EU,First country,1150
2021/22,Northern Ireland,Not an entrant,India,Non-EU,First country,765
2021/22,Scotland,Not an entrant,Ireland,EU,First country,1510
2021/22,Scotland,Not an entrant,China,Non-EU,First country,7845
2021/22,Wales,Not an entrant,Poland,EU,First country,525
2021/22,Wales,Not an entrant,India,Non-EU,First country,1405
2021/22,All,All,Ireland,EU,Second country,9840
2021/22,All,All,China,Non-EU,Second country,151700
2021/22,England,All,Italy,EU,Second country,9585
2021/22,England,All,China,Non-EU,Second country,124385
2021/22,Northern Ireland,All,Germany,EU,Second country,35
2021/22,Northern Ireland,All,Nigeria,Non-EU,Second country,1560
2021/22,Scotland,All,Germany,EU,Second country,1925
2021/22,Scotland,All,India,Non-EU,Second country,10165
2021/22,Wales,All,Germany,EU,Second country,505
2021/22,Wales,All,Nigeria,Non-EU,Second country,2330
2021/22,All,Entrant,Ireland,EU,Second country,4405
2021/22,All,Entrant,China,Non-EU,Second country,99970
2021/22,England,Entrant,Germany,EU,Second country,2710
2021/22,England,Entrant,China,Non-EU,Second country,83060
2021/22,Northern Ireland,Entrant,Germany,EU,Second country,10
2021/22,Northern Ireland,Entrant,Nigeria,Non-EU,Second country,1360
2021/22,Scotland,Entrant,France,EU,Second country,615
2021/22,Scotland,Entrant,India,Non-EU,Second country,7100
2021/22,Wales,Entrant,France,EU,Second country,200
2021/22,Wales,Entrant,Nigeria,Non-EU,Second country,1870
2021/22,All,Not an entrant,France,EU,Second country,7515
2021/22,All,Not an entrant,India,Non-EU,Second country,39510
2021/22,England,Not an entrant,France,EU,Second country,6380
2021/22,England,Not an entrant,India,Non-EU,Second country,34270
2021/22,Northern Ireland,Not an entrant,Germany,EU,Second country,20
2021/22,Northern Ireland,Not an entrant,Nigeria,Non-EU,Second country,195
2021/22,Scotland,Not an entrant,Germany,EU,Second country,1235
2021/22,Scotland,Not an entrant,United States,Non-EU,Second country,3085
2021/22,Wales,Not an entrant,Germany,EU,Second country,230
2021/22,Wales,Not an entrant,China,Non-EU,Second country,1795
2021/22,All,All,Italy,EU,Third country,11325
2021/22,All,All,Nigeria,Non-EU,Third country,43520
2021/22,England,All,Spain,EU,Third country,8500
2021/22,England,All,Nigeria,Non-EU,Third country,34010
2021/22,Northern Ireland,All,Italy,EU,Third country,35
2021/22,Northern Ireland,All,China,Non-EU,Third country,1740
2021/22,Scotland,All,France,EU,Third country,1560
2021/22,Scotland,All,Nigeria,Non-EU,Third country,5620
2021/22,Wales,All,France,EU,Third country,360
2021/22,Wales,All,China,Non-EU,Third country,4745
2021/22,All,Entrant,Germany,EU,Third country,3695
2021/22,All,Entrant,Nigeria,Non-EU,Third country,32270
2021/22,England,Entrant,Italy,EU,Third country,2690
2021/22,England,Entrant,Nigeria,Non-EU,Third country,25030
2021/22,Northern Ireland,Entrant,Italy,EU,Third country,10
2021/22,Northern Ireland,Entrant,Pakistan,Non-EU,Third country,555
2021/22,Scotland,Entrant,Ireland,EU,Third country,760
2021/22,Scotland,Entrant,Nigeria,Non-EU,Third country,4010
2021/22,Wales,Entrant,Ireland,EU,Third country,150
2021/22,Wales,Entrant,China,Non-EU,Third country,2945
2021/22,All,Not an entrant,Spain,EU,Third country,7605
2021/22,All,Not an entrant,Nigeria,Non-EU,Third country,11250
2021/22,England,Not an entrant,Spain,EU,Third country,6245
2021/22,England,Not an entrant,Nigeria,Non-EU,Third country,8980
2021/22,Northern Ireland,Not an entrant,France,EU,Third country,35
2021/22,Northern Ireland,Not an entrant,China,Non-EU,Third country,760
2021/22,Scotland,Not an entrant,Spain,EU,Third country,1165
2021/22,Scotland,Not an entrant,India,Non-EU,Third country,3065
2021/22,Wales,Not an entrant,Greece,EU,Third country,220
2021/22,Wales,Not an entrant,Nigeria,Non-EU,Third country,460
2021/22,All,All,Spain,EU,Fourth country,10330
2021/22,All,All,Pakistan,Non-EU,Fourth country,23050
2021/22,England,All,Germany,EU,Fourth country,7450
2021/22,England,All,Pakistan,Non-EU,Fourth country,18305
2021/22,Northern Ireland,All,France,EU,Fourth country,40
2021/22,Northern Ireland,All,Pakistan,Non-EU,Fourth country,775
2021/22,Scotland,All,Spain,EU,Fourth country,1550
2021/22,Scotland,All,United States,Non-EU,Fourth country,6320
2021/22,Wales,All,Ireland,EU,Fourth country,335
2021/22,Wales,All,Sri Lanka,Non-EU,Fourth country,910
2021/22,All,Entrant,Italy,EU,Fourth country,3110
2021/22,All,Entrant,Pakistan,Non-EU,Fourth country,16525
2021/22,England,Entrant,Spain,EU,Fourth country,2250
2021/22,England,Entrant,Pakistan,Non-EU,Fourth country,12995
2021/22,Northern Ireland,Entrant,Greece,EU,Fourth country,5
2021/22,Northern Ireland,Entrant,China,Non-EU,Fourth country,980
2021/22,Scotland,Entrant,Spain,EU,Fourth country,390
2021/22,Scotland,Entrant,Pakistan,Non-EU,Fourth country,2500
2021/22,Wales,Entrant,Cyprus (European Union),EU,Fourth country,70
2021/22,Wales,Entrant,Bangladesh,Non-EU,Fourth country,810
2021/22,All,Not an entrant,Ireland,EU,Fourth country,5435
2021/22,All,Not an entrant,United States,Non-EU,Fourth country,9440
2021/22,England,Not an entrant,Romania,EU,Fourth country,7475
2021/22,England,Not an entrant,Hong Kong,Non-EU,Fourth country,8425
2021/22,Northern Ireland,Not an entrant,Italy,EU,Fourth country,25
2021/22,Northern Ireland,Not an entrant,Bangladesh,Non-EU,Fourth country,325
2021/22,Scotland,Not an entrant,Italy,EU,Fourth country,1155
2021/22,Scotland,Not an entrant,Nigeria,Non-EU,Fourth country,1610
2021/22,Wales,Not an entrant,Spain,EU,Fourth country,185
2021/22,Wales,Not an entrant,Sri Lanka,Non-EU,Fourth country,150
2021/22,All,All,Germany,EU,Fifth country,9915
2021/22,All,All,United States,Non-EU,Fifth country,22980
2021/22,England,All,Romania,EU,Fifth country,8350
2021/22,England,All,Hong Kong,Non-EU,Fifth country,15805
2021/22,Northern Ireland,All,Greece,EU,Fifth country,20
2021/22,Northern Ireland,All,Bangladesh,Non-EU,Fifth country,835
2021/22,Scotland,All,Italy,EU,Fifth country,1510
2021/22,Scotland,All,Pakistan,Non-EU,Fifth country,3325
2021/22,Wales,All,Cyprus (European Union),EU,Fifth country,305
2021/22,Wales,All,Bangladesh,Non-EU,Fifth country,1055
2021/22,All,Entrant,Spain,EU,Fifth country,2725
2021/22,All,Entrant,United States,Non-EU,Fifth country,13540
2021/22,England,Entrant,Ireland,EU,Fifth country,2355
2021/22,England,Entrant,United States,Non-EU,Fifth country,9790
2021/22,Northern Ireland,Entrant,Netherlands,EU,Fifth country,5
2021/22,Northern Ireland,Entrant,Bangladesh,Non-EU,Fifth country,510
2021/22,Scotland,Entrant,Italy,EU,Fifth country,350
2021/22,Scotland,Entrant,United States,Non-EU,Fifth country,3235
2021/22,Wales,Entrant,Spain,EU,Fifth country,80
2021/22,Wales,Entrant,Pakistan,Non-EU,Fifth country,475
2021/22,All,Not an entrant,Romania,EU,Fifth country,7900
2021/22,All,Not an entrant,Hong Kong,Non-EU,Fifth country,9455
2021/22,England,Not an entrant,Poland,EU,Fifth country,5670
2021/22,England,Not an entrant,Pakistan,Non-EU,Fifth country,5310
2021/22,Northern Ireland,Not an entrant,Greece,EU,Fifth country,15
2021/22,Northern Ireland,Not an entrant,Pakistan,Non-EU,Fifth country,220
2021/22,Scotland,Not an entrant,France,EU,Fifth country,945
2021/22,Scotland,Not an entrant,Pakistan,Non-EU,Fifth country,825
2021/22,Wales,Not an entrant,Cyprus (European Union),EU,Fifth country,235
2021/22,Wales,Not an entrant,Bangladesh,Non-EU,Fifth country,245
2021/22,All,All,Romania,EU,Sixth country,8915
2021/22,All,All,Hong Kong,Non-EU,Sixth country,17605
2021/22,England,All,Poland,EU,Sixth country,6455
2021/22,England,All,United States,Non-EU,Sixth country,15825
2021/22,Northern Ireland,All,Spain,EU,Sixth country,20
2021/22,Northern Ireland,All,United States,Non-EU,Sixth country,230
2021/22,Scotland,All,Greece,EU,Sixth country,950
2021/22,Scotland,All,Malaysia,Non-EU,Sixth country,1380
2021/22,Wales,All,Spain,EU,Sixth country,260
2021/22,Wales,All,Pakistan,Non-EU,Sixth country,645
2021/22,All,Entrant,Greece,EU,Sixth country,1780
2021/22,All,Entrant,Bangladesh,Non-EU,Sixth country,9170
2021/22,England,Entrant,Greece,EU,Sixth country,1485
2021/22,England,Entrant,Bangladesh,Non-EU,Sixth country,7230
2021/22,Northern Ireland,Entrant,Austria,EU,Sixth country,0
2021/22,Northern Ireland,Entrant,United States,Non-EU,Sixth country,160
2021/22,Scotland,Entrant,Greece,EU,Sixth country,235
2021/22,Scotland,Entrant,Bangladesh,Non-EU,Sixth country,620
2021/22,Wales,Entrant,Poland,EU,Sixth country,80
2021/22,Wales,Entrant,Sri Lanka,Non-EU,Sixth country,760
2021/22,All,Not an entrant,Germany,EU,Sixth country,6220
2021/22,All,Not an entrant,Pakistan,Non-EU,Sixth country,6525
2021/22,England,Not an entrant,Germany,EU,Sixth country,4740
2021/22,England,Not an entrant,United States,Non-EU,Sixth country,6035
2021/22,Northern Ireland,Not an entrant,Spain,EU,Sixth country,15
2021/22,Northern Ireland,Not an entrant,Saudi Arabia,Non-EU,Sixth country,80
2021/22,Scotland,Not an entrant,Poland,EU,Sixth country,695
2021/22,Scotland,Not an entrant,Malaysia,Non-EU,Sixth country,905
2021/22,Wales,Not an entrant,Ireland,EU,Sixth country,185
2021/22,Wales,Not an entrant,United States,Non-EU,Sixth country,250
2021/22,All,All,Poland,EU,Seventh country,7910
2021/22,All,All,Bangladesh,Non-EU,Seventh country,12700
2021/22,England,All,Ireland,EU,Seventh country,4940
2021/22,England,All,Bangladesh,Non-EU,Seventh country,10005
2021/22,Northern Ireland,All,Netherlands,EU,Seventh country,10
2021/22,Northern Ireland,All,Malaysia,Non-EU,Seventh country,350
2021/22,Scotland,All,Poland,EU,Seventh country,845
2021/22,Scotland,All,Canada,Non-EU,Seventh country,1380
2021/22,Wales,All,Greece,EU,Seventh country,275
2021/22,Wales,All,Malaysia,Non-EU,Seventh country,690
2021/22,All,Entrant,Cyprus (European Union),EU,Seventh country,1510
2021/22,All,Entrant,Hong Kong,Non-EU,Seventh country,8150
2021/22,England,Entrant,Cyprus (European Union),EU,Seventh country,1295
2021/22,England,Entrant,Hong Kong,Non-EU,Seventh country,7380
2021/22,Northern Ireland,Entrant,France,EU,Seventh country,5
2021/22,Northern Ireland,Entrant,Malaysia,Non-EU,Seventh country,205
2021/22,Scotland,Entrant,Netherlands,EU,Seventh country,185
2021/22,Scotland,Entrant,Ghana,Non-EU,Seventh country,645
2021/22,Wales,Entrant,Italy,EU,Seventh country,60
2021/22,Wales,Entrant,Malaysia,Non-EU,Seventh country,420
2021/22,All,Not an entrant,Poland,EU,Seventh country,6895
2021/22,All,Not an entrant,Malaysia,Non-EU,Seventh country,6465
2021/22,England,Not an entrant,Portugal,EU,Seventh country,4940
2021/22,England,Not an entrant,Malaysia,Non-EU,Seventh country,5155
2021/22,Northern Ireland,Not an entrant,Cyprus (European Union),EU,Seventh country,10
2021/22,Northern Ireland,Not an entrant,Nepal,Non-EU,Seventh country,60
2021/22,Scotland,Not an entrant,Greece,EU,Seventh country,715
2021/22,Scotland,Not an entrant,Hong Kong,Non-EU,Seventh country,660
2021/22,Wales,Not an entrant,France,EU,Seventh country,160
2021/22,Wales,Not an entrant,Pakistan,Non-EU,Seventh country,170
2021/22,All,All,Greece,EU,Eighth country,7100
2021/22,All,All,Malaysia,Non-EU,Eighth country,12130
2021/22,England,All,Greece,EU,Eighth country,5850
2021/22,England,All,Malaysia,Non-EU,Eighth country,9715
2021/22,Northern Ireland,All,Cyprus (European Union),EU,Eighth country,15
2021/22,Northern Ireland,All,Nepal,Non-EU,Eighth country,205
2021/22,Scotland,All,Cyprus (European Union),EU,Eighth country,610
2021/22,Scotland,All,Hong Kong,Non-EU,Eighth country,1165
2021/22,Wales,All,Italy,EU,Eighth country,200
2021/22,Wales,All,United States,Non-EU,Eighth country,610
2021/22,All,Entrant,Netherlands,EU,Eighth country,1015
2021/22,All,Entrant,Malaysia,Non-EU,Eighth country,5660
2021/22,England,Entrant,Netherlands,EU,Eighth country,805
2021/22,England,Entrant,Malaysia,Non-EU,Eighth country,4560
2021/22,Northern Ireland,Entrant,Hungary,EU,Eighth country,0
2021/22,Northern Ireland,Entrant,Nepal,Non-EU,Eighth country,145
2021/22,Scotland,Entrant,Poland,EU,Eighth country,150
2021/22,Scotland,Entrant,Nepal,Non-EU,Eighth country,450
2021/22,Wales,Entrant,Greece,EU,Eighth country,55
2021/22,Wales,Entrant,United States,Non-EU,Eighth country,360
2021/22,All,Not an entrant,Greece,EU,Eighth country,5315
2021/22,All,Not an entrant,Saudi Arabia,Non-EU,Eighth country,4880
2021/22,England,Not an entrant,Greece,EU,Eighth country,4365
2021/22,England,Not an entrant,Saudi Arabia,Non-EU,Eighth country,4000
2021/22,Northern Ireland,Not an entrant,Romania,EU,Eighth country,10
2021/22,Northern Ireland,Not an entrant,Malaysia,Non-EU,Eighth country,140
2021/22,Scotland,Not an entrant,Bulgaria,EU,Eighth country,615
2021/22,Scotland,Not an entrant,Canada,Non-EU,Eighth country,720
2021/22,Wales,Not an entrant,Italy,EU,Eighth country,140
2021/22,Wales,Not an entrant,Hong Kong,Non-EU,Eighth country,330
2021/22,All,All,Cyprus (European Union),EU,Ninth country,6330
2021/22,All,All,Saudi Arabia,Non-EU,Ninth country,8745
2021/22,England,All,Cyprus (European Union),EU,Ninth country,5405
2021/22,England,All,Saudi Arabia,Non-EU,Ninth country,7125
2021/22,Northern Ireland,All,Romania,EU,Ninth country,15
2021/22,Northern Ireland,All,Sri Lanka,Non-EU,Ninth country,125
2021/22,Scotland,All,Bulgaria,EU,Ninth country,685
2021/22,Scotland,All,Ghana,Non-EU,Ninth country,850
2021/22,Wales,All,Romania,EU,Ninth country,240
2021/22,Wales,All,Saudi Arabia,Non-EU,Ninth country,690
2021/22,All,Entrant,Poland,EU,Ninth country,1015
2021/22,All,Entrant,Sri Lanka,Non-EU,Ninth country,2995
2021/22,England,Entrant,Poland,EU,Ninth country,785
2021/22,England,Entrant,Nepal,Non-EU,Ninth country,2840
2021/22,Northern Ireland,Entrant,Spain,EU,Ninth country,5
2021/22,Northern Ireland,Entrant,Sri Lanka,Non-EU,Ninth country,95
2021/22,Scotland,Entrant,Cyprus (European Union),EU,Ninth country,140
2021/22,Scotland,Entrant,Canada,Non-EU,Ninth country,660
2021/22,Wales,Entrant,Gibraltar,EU,Ninth country,25
2021/22,Wales,Entrant,Saudi Arabia,Non-EU,Ninth country,310
2021/22,All,Not an entrant,Portugal,EU,Ninth country,5215
2021/22,All,Not an entrant,United Arab Emirates,Non-EU,Ninth country,4415
2021/22,England,Not an entrant,Cyprus (European Union),EU,Ninth country,4110
2021/22,England,Not an entrant,United Arab Emirates,Non-EU,Ninth country,3820
2021/22,Northern Ireland,Not an entrant,Netherlands,EU,Ninth country,10
2021/22,Northern Ireland,Not an entrant,Canada,Non-EU,Ninth country,80
2021/22,Scotland,Not an entrant,Cyprus (European Union),EU,Ninth country,465
2021/22,Scotland,Not an entrant,United Arab Emirates,Non-EU,Ninth country,435
2021/22,Wales,Not an entrant,Romania,EU,Ninth country,150
2021/22,Wales,Not an entrant,Saudi Arabia,Non-EU,Ninth country,380
2021/22,All,All,Portugal,EU,Tenth country,6170
2021/22,All,All,United Arab Emirates,Non-EU,Tenth country,8080
2021/22,England,All,Portugal,EU,Tenth country,5780
2021/22,England,All,United Arab Emirates,Non-EU,Tenth country,7035
2021/22,Northern Ireland,All,Portugal,EU,Tenth country,10
2021/22,Northern Ireland,All,Saudi Arabia,Non-EU,Tenth country,185
2021/22,Scotland,All,Netherlands,EU,Tenth country,510
2021/22,Scotland,All,Bangladesh,Non-EU,Tenth country,805
2021/22,Wales,All,Portugal,EU,Tenth country,120
2021/22,Wales,All,Hong Kong,Non-EU,Tenth country,565
2021/22,All,Entrant,Portugal,EU,Tenth country,955
2021/22,All,Entrant,Nepal,Non-EU,Tenth country,3505
2021/22,England,Entrant,Romania,EU,Tenth country,875
2021/22,England,Entrant,Sri Lanka,Non-EU,Tenth country,1755
2021/22,Northern Ireland,Entrant,Sweden,EU,Tenth country,0
2021/22,Northern Ireland,Entrant,Iran,Non-EU,Tenth country,35
2021/22,Scotland,Entrant,Belgium,EU,Tenth country,115
2021/22,Scotland,Entrant,Sri Lanka,Non-EU,Tenth country,380
2021/22,Wales,Entrant,Portugal,EU,Tenth country,20
2021/22,Wales,Entrant,Kuwait,Non-EU,Tenth country,245
2021/22,All,Not an entrant,Cyprus (European Union),EU,Tenth country,4820
2021/22,All,Not an entrant,Bangladesh,Non-EU,Tenth country,3530
2021/22,England,Not an entrant,Ireland,EU,Tenth country,2585
2021/22,England,Not an entrant,Bangladesh,Non-EU,Tenth country,2775
2021/22,Northern Ireland,Not an entrant,Portugal,EU,Tenth country,5
2021/22,Northern Ireland,Not an entrant,United States,Non-EU,Tenth country,70
2021/22,Scotland,Not an entrant,Sweden,EU,Tenth country,435
2021/22,Scotland,Not an entrant,Singapore,Non-EU,Tenth country,445
2021/22,Wales,Not an entrant,Bulgaria,EU,Tenth country,125
2021/22,Wales,Not an entrant,Malaysia,Non-EU,Tenth country,270
2022/23,All,All,France,EU,First country,10305
2022/23,All,All,India,Non-EU,First country,173190
2022/23,England,All,France,EU,First country,8680
2022/23,England,All,India,Non-EU,First country,150875
2022/23,Northern Ireland,All,Ireland,EU,First country,2765
2022/23,Northern Ireland,All,India,Non-EU,First country,3320
2022/23,Scotland,All,Ireland,EU,First country,1775
2022/23,Scotland,All,China,Non-EU,First country,19000
2022/23,Wales,All,Poland,EU,First country,395
2022/23,Wales,All,India,Non-EU,First country,6760
2022/23,All,Entrant,France,EU,First country,4110
2022/23,All,Entrant,India,Non-EU,First country,126580
2022/23,England,Entrant,France,EU,First country,3385
2022/23,England,Entrant,India,Non-EU,First country,110305
2022/23,Northern Ireland,Entrant,Ireland,EU,First country,1320
2022/23,Northern Ireland,Entrant,India,Non-EU,First country,2160
2022/23,Scotland,Entrant,Germany,EU,First country,545
2022/23,Scotland,Entrant,China,Non-EU,First country,13545
2022/23,Wales,Entrant,Germany,EU,First country,195
2022/23,Wales,Entrant,India,Non-EU,First country,4945
2022/23,All,Not an entrant,Italy,EU,First country,6325
2022/23,All,Not an entrant,China,Non-EU,First country,51465
2022/23,England,Not an entrant,Italy,EU,First country,5355
2022/23,England,Not an entrant,China,Non-EU,First country,43885
2022/23,Northern Ireland,Not an entrant,Ireland,EU,First country,1440
2022/23,Northern Ireland,Not an entrant,India,Non-EU,First country,1160
2022/23,Scotland,Not an entrant,Ireland,EU,First country,1280
2022/23,Scotland,Not an entrant,China,Non-EU,First country,5455
2022/23,Wales,Not an entrant,Poland,EU,First country,355
2022/23,Wales,Not an entrant,India,Non-EU,First country,1815
2022/23,All,All,Ireland,EU,Second country,9410
2022/23,All,All,China,Non-EU,Second country,154260
2022/23,England,All,Italy,EU,Second country,7920
2022/23,England,All,China,Non-EU,Second country,130050
2022/23,Northern Ireland,All,Germany,EU,Second country,55
2022/23,Northern Ireland,All,Nigeria,Non-EU,Second country,2925
2022/23,Scotland,All,Germany,EU,Second country,1495
2022/23,Scotland,All,India,Non-EU,Second country,12235
2022/23,Wales,All,Germany,EU,Second country,365
2022/23,Wales,All,Nigeria,Non-EU,Second country,4675
2022/23,All,Entrant,Ireland,EU,Second country,3915
2022/23,All,Entrant,China,Non-EU,Second country,102795
2022/23,England,Entrant,Germany,EU,Second country,2590
2022/23,England,Entrant,China,Non-EU,Second country,86165
2022/23,Northern Ireland,Entrant,Germany,EU,Second country,30
2022/23,Northern Ireland,Entrant,Nigeria,Non-EU,Second country,1855
2022/23,Scotland,Entrant,France,EU,Second country,545
2022/23,Scotland,Entrant,India,Non-EU,Second country,9170
2022/23,Wales,Entrant,France,EU,Second country,175
2022/23,Wales,Entrant,Nigeria,Non-EU,Second country,3695
2022/23,All,Not an entrant,France,EU,Second country,6195
2022/23,All,Not an entrant,India,Non-EU,Second country,46610
2022/23,England,Not an entrant,France,EU,Second country,5295
2022/23,England,Not an entrant,India,Non-EU,Second country,40570
2022/23,Northern Ireland,Not an entrant,Germany,EU,Second country,25
2022/23,Northern Ireland,Not an entrant,Nigeria,Non-EU,Second country,1065
2022/23,Scotland,Not an entrant,Germany,EU,Second country,950
2022/23,Scotland,Not an entrant,United States,Non-EU,Second country,3365
2022/23,Wales,Not an entrant,Germany,EU,Second country,170
2022/23,Wales,Not an entrant,China,Non-EU,Second country,1360
2022/23,All,All,Italy,EU,Third country,9220
2022/23,All,All,Nigeria,Non-EU,Third country,72355
2022/23,England,All,Spain,EU,Third country,7285
2022/23,England,All,Nigeria,Non-EU,Third country,55340
2022/23,Northern Ireland,All,Italy,EU,Third country,35
2022/23,Northern Ireland,All,China,Non-EU,Third country,1495
2022/23,Scotland,All,France,EU,Third country,1305
2022/23,Scotland,All,Nigeria,Non-EU,Third country,9415
2022/23,Wales,All,France,EU,Third country,295
2022/23,Wales,All,China,Non-EU,Third country,3715
2022/23,All,Entrant,Germany,EU,Third country,3355
2022/23,All,Entrant,Nigeria,Non-EU,Third country,53790
2022/23,England,Entrant,Italy,EU,Third country,2570
2022/23,England,Entrant,Nigeria,Non-EU,Third country,41655
2022/23,Northern Ireland,Entrant,Italy,EU,Third country,10
2022/23,Northern Ireland,Entrant,Pakistan,Non-EU,Third country,800
2022/23,Scotland,Entrant,Ireland,EU,Third country,495
2022/23,Scotland,Entrant,Nigeria,Non-EU,Third country,6580
2022/23,Wales,Entrant,Ireland,EU,Third country,105
2022/23,Wales,Entrant,China,Non-EU,Third country,2355
2022/23,All,Not an entrant,Spain,EU,Third country,6190
2022/23,All,Not an entrant,Nigeria,Non-EU,Third country,18565
2022/23,England,Not an entrant,Spain,EU,Third country,5075
2022/23,England,Not an entrant,Nigeria,Non-EU,Third country,13685
2022/23,Northern Ireland,Not an entrant,France,EU,Third country,25
2022/23,Northern Ireland,Not an entrant,China,Non-EU,Third country,770
2022/23,Scotland,Not an entrant,Spain,EU,Third country,945
2022/23,Scotland,Not an entrant,India,Non-EU,Third country,3065
2022/23,Wales,Not an entrant,Greece,EU,Third country,165
2022/23,Wales,Not an entrant,Nigeria,Non-EU,Third country,975
2022/23,All,All,Spain,EU,Fourth country,8730
2022/23,All,All,Pakistan,Non-EU,Fourth country,34690
2022/23,England,All,Germany,EU,Fourth country,6320
2022/23,England,All,Pakistan,Non-EU,Fourth country,27165
2022/23,Northern Ireland,All,France,EU,Fourth country,30
2022/23,Northern Ireland,All,Pakistan,Non-EU,Fourth country,1250
2022/23,Scotland,All,Spain,EU,Fourth country,1220
2022/23,Scotland,All,United States,Non-EU,Fourth country,6080
2022/23,Wales,All,Ireland,EU,Fourth country,260
2022/23,Wales,All,Sri Lanka,Non-EU,Fourth country,1450
2022/23,All,Entrant,Italy,EU,Fourth country,2895
2022/23,All,Entrant,Pakistan,Non-EU,Fourth country,24950
2022/23,England,Entrant,Spain,EU,Fourth country,2210
2022/23,England,Entrant,Pakistan,Non-EU,Fourth country,19505
2022/23,Northern Ireland,Entrant,Greece,EU,Fourth country,10
2022/23,Northern Ireland,Entrant,China,Non-EU,Fourth country,725
2022/23,Scotland,Entrant,Spain,EU,Fourth country,275
2022/23,Scotland,Entrant,Pakistan,Non-EU,Fourth country,3770
2022/23,Wales,Entrant,Cyprus (European Union),EU,Fourth country,55
2022/23,Wales,Entrant,Bangladesh,Non-EU,Fourth country,915
2022/23,All,Not an entrant,Ireland,EU,Fourth country,5500
2022/23,All,Not an entrant,United States,Non-EU,Fourth country,10465
2022/23,England,Not an entrant,Romania,EU,Fourth country,4890
2022/23,England,Not an entrant,Hong Kong,Non-EU,Fourth country,9110
2022/23,Northern Ireland,Not an entrant,Italy,EU,Fourth country,20
2022/23,Northern Ireland,Not an entrant,Bangladesh,Non-EU,Fourth country,455
2022/23,Scotland,Not an entrant,Italy,EU,Fourth country,850
2022/23,Scotland,Not an entrant,Nigeria,Non-EU,Fourth country,2835
2022/23,Wales,Not an entrant,Spain,EU,Fourth country,160
2022/23,Wales,Not an entrant,Sri Lanka,Non-EU,Fourth country,680
2022/23,All,All,Germany,EU,Fifth country,8240
2022/23,All,All,United States,Non-EU,Fifth country,22540
2022/23,England,All,Romania,EU,Fifth country,5670
2022/23,England,All,Hong Kong,Non-EU,Fifth country,16200
2022/23,Northern Ireland,All,Greece,EU,Fifth country,25
2022/23,Northern Ireland,All,Bangladesh,Non-EU,Fifth country,1040
2022/23,Scotland,All,Italy,EU,Fifth country,1125
2022/23,Scotland,All,Pakistan,Non-EU,Fifth country,5075
2022/23,Wales,All,Cyprus (European Union),EU,Fifth country,215
2022/23,Wales,All,Bangladesh,Non-EU,Fifth country,1400
2022/23,All,Entrant,Spain,EU,Fifth country,2540
2022/23,All,Entrant,United States,Non-EU,Fifth country,12075
2022/23,England,Entrant,Ireland,EU,Fifth country,1990
2022/23,England,Entrant,United States,Non-EU,Fifth country,8775
2022/23,Northern Ireland,Entrant,Netherlands,EU,Fifth country,5
2022/23,Northern Ireland,Entrant,Bangladesh,Non-EU,Fifth country,590
2022/23,Scotland,Entrant,Italy,EU,Fifth country,275
2022/23,Scotland,Entrant,United States,Non-EU,Fifth country,2720
2022/23,Wales,Entrant,Spain,EU,Fifth country,50
2022/23,Wales,Entrant,Pakistan,Non-EU,Fifth country,880
2022/23,All,Not an entrant,Romania,EU,Fifth country,5195
2022/23,All,Not an entrant,Hong Kong,Non-EU,Fifth country,10165
2022/23,England,Not an entrant,Poland,EU,Fifth country,3765
2022/23,England,Not an entrant,Pakistan,Non-EU,Fifth country,7665
2022/23,Northern Ireland,Not an entrant,Greece,EU,Fifth country,20
2022/23,Northern Ireland,Not an entrant,Pakistan,Non-EU,Fifth country,450
2022/23,Scotland,Not an entrant,France,EU,Fifth country,760
2022/23,Scotland,Not an entrant,Pakistan,Non-EU,Fifth country,1305
2022/23,Wales,Not an entrant,Cyprus (European Union),EU,Fifth country,160
2022/23,Wales,Not an entrant,Bangladesh,Non-EU,Fifth country,485
2022/23,All,All,Romania,EU,Sixth country,6020
2022/23,All,All,Hong Kong,Non-EU,Sixth country,17905
2022/23,England,All,Poland,EU,Sixth country,4630
2022/23,England,All,United States,Non-EU,Sixth country,15465
2022/23,Northern Ireland,All,Spain,EU,Sixth country,20
2022/23,Northern Ireland,All,United States,Non-EU,Sixth country,355
2022/23,Scotland,All,Greece,EU,Sixth country,740
2022/23,Scotland,All,Malaysia,Non-EU,Sixth country,1415
2022/23,Wales,All,Spain,EU,Sixth country,210
2022/23,Wales,All,Pakistan,Non-EU,Sixth country,1200
2022/23,All,Entrant,Greece,EU,Sixth country,1615
2022/23,All,Entrant,Bangladesh,Non-EU,Sixth country,10480
2022/23,England,Entrant,Greece,EU,Sixth country,1380
2022/23,England,Entrant,Bangladesh,Non-EU,Sixth country,8285
2022/23,Northern Ireland,Entrant,Austria,EU,Sixth country,5
2022/23,Northern Ireland,Entrant,United States,Non-EU,Sixth country,270
2022/23,Scotland,Entrant,Greece,EU,Sixth country,195
2022/23,Scotland,Entrant,Bangladesh,Non-EU,Sixth country,695
2022/23,Wales,Entrant,Poland,EU,Sixth country,45
2022/23,Wales,Entrant,Sri Lanka,Non-EU,Sixth country,770
2022/23,All,Not an entrant,Germany,EU,Sixth country,4880
2022/23,All,Not an entrant,Pakistan,Non-EU,Sixth country,9740
2022/23,England,Not an entrant,Germany,EU,Sixth country,3735
2022/23,England,Not an entrant,United States,Non-EU,Sixth country,6690
2022/23,Northern Ireland,Not an entrant,Spain,EU,Sixth country,15
2022/23,Northern Ireland,Not an entrant,Saudi Arabia,Non-EU,Sixth country,135
2022/23,Scotland,Not an entrant,Poland,EU,Sixth country,545
2022/23,Scotland,Not an entrant,Malaysia,Non-EU,Sixth country,975
2022/23,Wales,Not an entrant,Ireland,EU,Sixth country,155
2022/23,Wales,Not an entrant,United States,Non-EU,Sixth country,325
2022/23,All,All,Poland,EU,Seventh country,5710
2022/23,All,All,Bangladesh,Non-EU,Seventh country,14945
2022/23,England,All,Ireland,EU,Seventh country,4610
2022/23,England,All,Bangladesh,Non-EU,Seventh country,11625
2022/23,Northern Ireland,All,Netherlands,EU,Seventh country,15
2022/23,Northern Ireland,All,Malaysia,Non-EU,Seventh country,330
2022/23,Scotland,All,Poland,EU,Seventh country,675
2022/23,Scotland,All,Canada,Non-EU,Seventh country,1205
2022/23,Wales,All,Greece,EU,Seventh country,195
2022/23,Wales,All,Malaysia,Non-EU,Seventh country,745
2022/23,All,Entrant,Cyprus (European Union),EU,Seventh country,1395
2022/23,All,Entrant,Hong Kong,Non-EU,Seventh country,7735
2022/23,England,Entrant,Cyprus (European Union),EU,Seventh country,1240
2022/23,England,Entrant,Hong Kong,Non-EU,Seventh country,7090
2022/23,Northern Ireland,Entrant,France,EU,Seventh country,5
2022/23,Northern Ireland,Entrant,Malaysia,Non-EU,Seventh country,210
2022/23,Scotland,Entrant,Netherlands,EU,Seventh country,130
2022/23,Scotland,Entrant,Ghana,Non-EU,Seventh country,675
2022/23,Wales,Entrant,Italy,EU,Seventh country,40
2022/23,Wales,Entrant,Malaysia,Non-EU,Seventh country,445
2022/23,All,Not an entrant,Poland,EU,Seventh country,4670
2022/23,All,Not an entrant,Malaysia,Non-EU,Seventh country,6710
2022/23,England,Not an entrant,Portugal,EU,Seventh country,3285
2022/23,England,Not an entrant,Malaysia,Non-EU,Seventh country,5315
2022/23,Northern Ireland,Not an entrant,Cyprus (European Union),EU,Seventh country,10
2022/23,Northern Ireland,Not an entrant,Nepal,Non-EU,Seventh country,125
2022/23,Scotland,Not an entrant,Greece,EU,Seventh country,540
2022/23,Scotland,Not an entrant,Hong Kong,Non-EU,Seventh country,700
2022/23,Wales,Not an entrant,France,EU,Seventh country,120
2022/23,Wales,Not an entrant,Pakistan,Non-EU,Seventh country,325
2022/23,All,All,Greece,EU,Eighth country,5455
2022/23,All,All,Malaysia,Non-EU,Eighth country,13005
2022/23,England,All,Greece,EU,Eighth country,4495
2022/23,England,All,Malaysia,Non-EU,Eighth country,10510
2022/23,Northern Ireland,All,Cyprus (European Union),EU,Eighth country,10
2022/23,Northern Ireland,All,Nepal,Non-EU,Eighth country,265
2022/23,Scotland,All,Cyprus (European Union),EU,Eighth country,450
2022/23,Scotland,All,Hong Kong,Non-EU,Eighth country,1110
2022/23,Wales,All,Italy,EU,Eighth country,140
2022/23,Wales,All,United States,Non-EU,Eighth country,640
2022/23,All,Entrant,Netherlands,EU,Eighth country,1055
2022/23,All,Entrant,Malaysia,Non-EU,Eighth country,6295
2022/23,England,Entrant,Netherlands,EU,Eighth country,900
2022/23,England,Entrant,Malaysia,Non-EU,Eighth country,5195
2022/23,Northern Ireland,Entrant,Hungary,EU,Eighth country,5
2022/23,Northern Ireland,Entrant,Nepal,Non-EU,Eighth country,135
2022/23,Scotland,Entrant,Poland,EU,Eighth country,130
2022/23,Scotland,Entrant,Nepal,Non-EU,Eighth country,600
2022/23,Wales,Entrant,Greece,EU,Eighth country,30
2022/23,Wales,Entrant,United States,Non-EU,Eighth country,315
2022/23,All,Not an entrant,Greece,EU,Eighth country,3840
2022/23,All,Not an entrant,Saudi Arabia,Non-EU,Eighth country,5030
2022/23,England,Not an entrant,Greece,EU,Eighth country,3115
2022/23,England,Not an entrant,Saudi Arabia,Non-EU,Eighth country,4225
2022/23,Northern Ireland,Not an entrant,Romania,EU,Eighth country,10
2022/23,Northern Ireland,Not an entrant,Malaysia,Non-EU,Eighth country,120
2022/23,Scotland,Not an entrant,Bulgaria,EU,Eighth country,400
2022/23,Scotland,Not an entrant,Canada,Non-EU,Eighth country,655
2022/23,Wales,Not an entrant,Italy,EU,Eighth country,100
2022/23,Wales,Not an entrant,Hong Kong,Non-EU,Eighth country,320
2022/23,All,All,Cyprus (European Union),EU,Ninth country,4870
2022/23,All,All,Saudi Arabia,Non-EU,Ninth country,9045
2022/23,England,All,Cyprus (European Union),EU,Ninth country,4195
2022/23,England,All,Saudi Arabia,Non-EU,Ninth country,7545
2022/23,Northern Ireland,All,Romania,EU,Ninth country,10
2022/23,Northern Ireland,All,Sri Lanka,Non-EU,Ninth country,215
2022/23,Scotland,All,Bulgaria,EU,Ninth country,440
2022/23,Scotland,All,Ghana,Non-EU,Ninth country,915
2022/23,Wales,All,Romania,EU,Ninth country,100
2022/23,Wales,All,Saudi Arabia,Non-EU,Ninth country,620
2022/23,All,Entrant,Poland,EU,Ninth country,1040
2022/23,All,Entrant,Sri Lanka,Non-EU,Ninth country,5505
2022/23,England,Entrant,Poland,EU,Ninth country,865
2022/23,England,Entrant,Nepal,Non-EU,Ninth country,4445
2022/23,Northern Ireland,Entrant,Spain,EU,Ninth country,5
2022/23,Northern Ireland,Entrant,Sri Lanka,Non-EU,Ninth country,135
2022/23,Scotland,Entrant,Cyprus (European Union),EU,Ninth country,100
2022/23,Scotland,Entrant,Canada,Non-EU,Ninth country,550
2022/23,Wales,Entrant,Gibraltar,EU,Ninth country,20
2022/23,Wales,Entrant,Saudi Arabia,Non-EU,Ninth country,310
2022/23,All,Not an entrant,Portugal,EU,Ninth country,3515
2022/23,All,Not an entrant,United Arab Emirates,Non-EU,Ninth country,4825
2022/23,England,Not an entrant,Cyprus (European Union),EU,Ninth country,2955
2022/23,England,Not an entrant,United Arab Emirates,Non-EU,Ninth country,4150
2022/23,Northern Ireland,Not an entrant,Netherlands,EU,Ninth country,10
2022/23,Northern Ireland,Not an entrant,Canada,Non-EU,Ninth country,90
2022/23,Scotland,Not an entrant,Cyprus (European Union),EU,Ninth country,350
2022/23,Scotland,Not an entrant,United Arab Emirates,Non-EU,Ninth country,490
2022/23,Wales,Not an entrant,Romania,EU,Ninth country,95
2022/23,Wales,Not an entrant,Saudi Arabia,Non-EU,Ninth country,305
2022/23,All,All,Portugal,EU,Tenth country,4370
2022/23,All,All,United Arab Emirates,Non-EU,Tenth country,8350
2022/23,England,All,Portugal,EU,Tenth country,4060
2022/23,England,All,United Arab Emirates,Non-EU,Tenth country,7280
2022/23,Northern Ireland,All,Portugal,EU,Tenth country,10
2022/23,Northern Ireland,All,Saudi Arabia,Non-EU,Tenth country,210
2022/23,Scotland,All,Netherlands,EU,Tenth country,405
2022/23,Scotland,All,Bangladesh,Non-EU,Tenth country,880
2022/23,Wales,All,Portugal,EU,Tenth country,85
2022/23,Wales,All,Hong Kong,Non-EU,Tenth country,520
2022/23,All,Entrant,Portugal,EU,Tenth country,855
2022/23,All,Entrant,Nepal,Non-EU,Tenth country,5325
2022/23,England,Entrant,Romania,EU,Tenth country,780
2022/23,England,Entrant,Sri Lanka,Non-EU,Tenth country,4120
2022/23,Northern Ireland,Entrant,Sweden,EU,Tenth country,5
2022/23,Northern Ireland,Entrant,Iran,Non-EU,Tenth country,95
2022/23,Scotland,Entrant,Belgium,EU,Tenth country,65
2022/23,Scotland,Entrant,Sri Lanka,Non-EU,Tenth country,480
2022/23,Wales,Entrant,Portugal,EU,Tenth country,20
2022/23,Wales,Entrant,Kuwait,Non-EU,Tenth country,200
2022/23,All,Not an entrant,Cyprus (European Union),EU,Tenth country,3475
2022/23,All,Not an entrant,Bangladesh,Non-EU,Tenth country,4465
2022/23,England,Not an entrant,Ireland,EU,Tenth country,2620
2022/23,England,Not an entrant,Bangladesh,Non-EU,Tenth country,3340
2022/23,Northern Ireland,Not an entrant,Portugal,EU,Tenth country,5
2022/23,Northern Ireland,Not an entrant,United States,Non-EU,Tenth country,85
2022/23,Scotland,Not an entrant,Sweden,EU,Tenth country,325
2022/23,Scotland,Not an entrant,Singapore,Non-EU,Tenth country,450
2022/23,Wales,Not an entrant,Bulgaria,EU,Tenth country,70
2022/23,Wales,Not an entrant,Malaysia,Non-EU,Tenth country,300
